id,product_id,tiki_product_id,seller_product_id,sku,name,short_description,type,brand_name,brand_id,price,list_price,original_price,market_price,discount,discount_rate,rating_average,review_count,quantity_sold,quantity_sold_text,is_official_store,is_freeship,inventory_status,is_tikinow,tikinow_time,thumbnail_url,product_url,badges,seller_id,seller_name,seller_type,seller_logo,seller_rating,seller_reviews,seller_followers,category_id,category_name,stock_qty,stock_available,stock_preorder,stock_min_sale_qty,stock_max_sale_qty
74676031,,,74676035,3423948284177,Áo dài nữ hồng vàng họa tiết hoa hồng,,,VONESA,505595,300000,,300000,,0,0,0.0,0,1.0,Đã bán 1,0,,,,,https://salt.tikicdn.com/cache/280x280/ts/product/88/de/65/58bdd3584a30d622dcf5721b4fa6f1d5.jpg,https://tiki.vn/ao-dai-nu-hong-vang-hoa-tiet-hoa-hong-p74676031.html?spid=74676035,,34571,Xưởng Quần Áo Đẹp,,,,,,,,,,,,
74675157,,,74675159,8847891289099,Áo dài nữ đen hồng họa tiết cúc họa mi,,,VONESA,505595,300000,,300000,,0,0,0.0,0,,,0,,,,,https://salt.tikicdn.com/cache/280x280/ts/product/c2/b3/e1/1071f2c4e4721fe1e2534946e560fb5f.jpg,https://tiki.vn/ao-dai-nu-den-hong-hoa-tiet-cuc-hoa-mi-p74675157.html?spid=74675159,,34571,Xưởng Quần Áo Đẹp,,,,,,,,,,,,
279070043,,,279070049,6962779643898,"Áo dài Khuê Cát NGADO , áo dài Tết , áo dài cách tân , áo dài truyền thống",,,NGADO,8216940,1300000,,1300000,,0,0,0.0,0,,,0,,,,,https://salt.tikicdn.com/cache/280x280/ts/product/96/ec/73/333c0e798811527c93bd379248f2cce3.jpg,https://tiki.vn/a-o-da-i-khue-cat-ngado-a-o-da-i-te-t-a-o-da-i-ca-ch-tan-a-o-da-i-truye-n-tho-ng-p279070043.html?spid=279070049,,344204,NGADO,,,,,,,,,,,,
212457697,,,277585624,5401469828987,áo dài truyền thống  FREESHIP  áo dài cách tân . Áo dài kết hoa áo dài đẹp. áo dài thiết kế cao cấp,,,OEM,111461,300000,,300000,,0,0,0.0,0,,,0,,,,,https://salt.tikicdn.com/cache/280x280/ts/product/44/a5/56/75fd5bcdd81d794f94c21466572b37c1.jpeg,https://tiki.vn/ao-dai-truyen-thong-freeship-ao-dai-cach-tan-ao-dai-ket-hoa-ao-dai-dep-ao-dai-thiet-ke-cao-cap-p212457697.html?spid=277585624,,76045,New Sky Shop 18,,,,,,,,,,,,
132923525,,,276832078,4004996699364,áo dài cách tân - xanh mint quần xanh - S,,,OEM,111461,2200000,,2200000,,0,0,5.0,1,6.0,Đã bán 6,0,,,,,https://salt.tikicdn.com/cache/280x280/ts/product/01/0e/72/3cc14be5f50d7971e23efedf3d2066f9.jpeg,https://tiki.vn/ao-dai-cach-tan-p132923525.html?spid=276832078,,76045,New Sky Shop 18,,,,,,,,,,,,
278963596,,,278963598,9854263809402,"Áo dài Uyên Dao NGADO , áo dài Tết , áo dài cách tân , áo dài truyền thống",,,NGADO,8216940,1300000,,1300000,,0,0,0.0,0,,,0,,,,,https://salt.tikicdn.com/cache/280x280/ts/product/0d/9c/87/9732e215ac62175bc018d2f9a724dda0.jpg,https://tiki.vn/a-o-da-i-uyen-dao-ngado-a-o-da-i-te-t-a-o-da-i-ca-ch-tan-a-o-da-i-truye-n-tho-ng-p278963596.html?spid=278963598,,344204,NGADO,,,,,,,,,,,,
278963610,,,278963612,6407433201577,"Áo dài Hoàng Lam NGADO , áo dài Tết , áo dài cách tân , áo dài truyền thống",,,NGADO,8216940,1300000,,1300000,,0,0,0.0,0,,,0,,,,,https://salt.tikicdn.com/cache/280x280/ts/product/7b/59/2f/1f7c0b0e2359b39060a8688514ee3fc4.jpg,https://tiki.vn/a-o-da-i-hoang-lam-ngado-a-o-da-i-te-t-a-o-da-i-ca-ch-tan-a-o-da-i-truye-n-tho-ng-p278963610.html?spid=278963612,,344204,NGADO,,,,,,,,,,,,
150924079,,,276674487,6313181811022,Áo dài voan tơ,,,OEM,111461,3000000,,3000000,,0,0,4.7,6,20.0,Đã bán 20,0,,,,,https://salt.tikicdn.com/cache/280x280/ts/product/40/e0/4a/0a157089ddb0b455ec43f52cffc9302c.jpg,https://tiki.vn/ao-dai-voan-to-p150924079.html?spid=276674487,,76045,New Sky Shop 18,,,,,,,,,,,,
165679974,,,165679986,3786820493097,Áo kiểu nữ tay von dài,,,	OEM,561415,269000,,269000,,0,0,0.0,0,,,0,,,,,https://salt.tikicdn.com/cache/280x280/ts/product/cf/20/12/a24bd640a7e35e3547add7c9954c432b.jpg,https://tiki.vn/ao-kieu-nu-tay-von-dai-p165679974.html?spid=165679986,,174218,ShopDucThang,,,,,,,,,,,,
279069667,,,279069679,7800466688243,SET ÁO DÀI NỮ CÁCH TÂN KIM SA HOA NHÍ – MÀU XANH DƯƠNG THANH LỊCH,,,OEM,111461,1199000,,1199000,,0,0,0.0,0,,,0,,,,,https://salt.tikicdn.com/cache/280x280/ts/product/a6/68/47/5081d39f3806f857a25ed3dfbbb77257.jpg,https://tiki.vn/set-ao-dai-nu-cach-tan-kim-sa-hoa-nhi-mau-xanh-duong-thanh-lich-p279069667.html?spid=279069679,,364289,Fashion MoMi,,,,,,,,,,,,
278963581,,,278963583,8568786943187,"Áo dài Diên Thuỷ NGADO , áo dài Tết , áo dài cách tân , áo dài truyền thống",,,NGADO,8216940,1300000,,1300000,,0,0,0.0,0,,,0,,,,,https://salt.tikicdn.com/cache/280x280/ts/product/38/f2/bd/06934d4a2b1e31b92e6a8c5bb3510453.jpg,https://tiki.vn/a-o-da-i-dien-thuy-ngado-a-o-da-i-te-t-a-o-da-i-ca-ch-tan-a-o-da-i-truye-n-tho-ng-p278963581.html?spid=278963583,,344204,NGADO,,,,,,,,,,,,
279069739,,,279069749,9248112235239,BỘ ÁO DÀI NỮ CÁCH TÂN KIM SA HỒ ĐIỆP – BƯỚM HỒNG & BƯỚM XANH,,,OEM,111461,1299000,,1299000,,0,0,0.0,0,,,0,,,,,https://salt.tikicdn.com/cache/280x280/ts/product/53/17/6a/035950295ff1dfa2b30b3bfc83182506.jpg,https://tiki.vn/bo-ao-dai-nu-cach-tan-kim-sa-ho-diep-buom-hong-buom-xanh-p279069739.html?spid=279069749,,364289,Fashion MoMi,,,,,,,,,,,,
278996389,,,278996397,4572313322750,"Áo dài Nguyệt Yên NGADO , áo dài Tết , áo dài cách tân , áo dài truyền thống",,,NGADO,8216940,1300000,,1300000,,0,0,0.0,0,1.0,Đã bán 1,0,,,,,https://salt.tikicdn.com/cache/280x280/ts/product/3e/ca/17/fa80a916f9feba1f9550d03d3760fb13.jpg,https://tiki.vn/a-o-da-i-nguyet-yen-ngado-a-o-da-i-te-t-a-o-da-i-ca-ch-tan-a-o-da-i-truye-n-tho-ng-p278996389.html?spid=278996397,,344204,NGADO,,,,,,,,,,,,
91324685,,,91324686,3435530531748,Áo Dài An Hoa,,,Baciami,4707723,1100000,,1100000,,0,0,0.0,0,,,0,,,,,https://salt.tikicdn.com/cache/280x280/ts/product/7f/bb/c2/6987946d42cf0ca185ea7f11170e980e.jpg,https://tiki.vn/ao-dai-an-hoa-p91324685.html?spid=91324686,,178364,Baciami,,,,,,,,,,,,
273915802,,,273915803,4604586762637,Áo dài cách tân tơ tím 4 tà thêu hoa lá ( size M ),,,TUAN THI,8221246,950000,,950000,,0,0,0.0,0,,,0,,,,,https://salt.tikicdn.com/cache/280x280/ts/product/94/7b/58/423523079b78c40a3a119a21c82ec1ff.jpg,https://tiki.vn/ao-dai-cach-tan-to-tim-4-ta-theu-hoa-la-size-m-p273915802.html?spid=273915803,,186114,Áo dài Tuấn Thi,,,,,,,,,,,,
279001517,,,279001525,4555723188468,"Áo dài Kim Xuân NGADO , áo dài Tết , áo dài cách tân , áo dài truyền thống",,,NGADO,8216940,1300000,,1300000,,0,0,0.0,0,,,0,,,,,https://salt.tikicdn.com/cache/280x280/ts/product/ab/f9/8c/7c2e2876e97990912d79d3a6ceb83508.jpg,https://tiki.vn/a-o-da-i-kim-xuan-ngado-a-o-da-i-te-t-a-o-da-i-ca-ch-tan-a-o-da-i-truye-n-tho-ng-p279001517.html?spid=279001525,,344204,NGADO,,,,,,,,,,,,
279001542,,,279001550,6184277706090,"Áo dài Thanh Mộc NGADO , áo dài Tết , áo dài cách tân , áo dài truyền thống",,,NGADO,8216940,1300000,,1300000,,0,0,0.0,0,,,0,,,,,https://salt.tikicdn.com/cache/280x280/ts/product/75/a4/40/83b23dea64cac6fab5a5524ee50c0553.jpg,https://tiki.vn/a-o-da-i-thanh-moc-ngado-a-o-da-i-te-t-a-o-da-i-ca-ch-tan-a-o-da-i-truye-n-tho-ng-p279001542.html?spid=279001550,,344204,NGADO,,,,,,,,,,,,
91324714,,,91324715,7620695867625,Áo Dài Thượng Uyển,,,Baciami,4707723,1100000,,1100000,,0,0,0.0,0,,,0,,,,,https://salt.tikicdn.com/cache/280x280/ts/product/bb/61/1a/2cb5cdb27a54e06aa0f4822462f30fae.jpg,https://tiki.vn/ao-dai-thuong-uyen-p91324714.html?spid=91324715,,178364,Baciami,,,,,,,,,,,,
278995428,,,278995430,9088912363575,"Áo dài Yên Đào NGADO , áo dài Tết , áo dài cách tân , áo dài truyền thống",,,NGADO,8216940,1300000,,1300000,,0,0,0.0,0,,,0,,,,,https://salt.tikicdn.com/cache/280x280/ts/product/12/1d/47/d1cae341b1c679213431f5cc972f4ac5.jpg,https://tiki.vn/a-o-da-i-yen-dao-ngado-a-o-da-i-te-t-a-o-da-i-ca-ch-tan-a-o-da-i-truye-n-tho-ng-p278995428.html?spid=278995430,,344204,NGADO,,,,,,,,,,,,
135268271,,,135268273,8731992567242,Áo Dài Thêu Truyền Thống Lụa Tô Châu Cao Cấp - Áo Dài Mian ( hình thật ),,,OEM,111461,1600000,,1600000,,0,0,0.0,0,2.0,Đã bán 2,0,,,,,https://salt.tikicdn.com/cache/280x280/ts/product/06/14/03/d59f5d4198c9ae0ed104a4fc35207f5c.jpg,https://tiki.vn/ao-dai-theu-truyen-thong-lua-to-chau-cao-cap-ao-dai-mian-hinh-that-p135268271.html?spid=135268273,,235292,Áo Dài Mian 1,,,,,,,,,,,,
19589804,,,19589810,3963143892376,Áo dài Gấm in,,,FATRALY,225017,350000,,350000,,0,0,0.0,0,1.0,Đã bán 1,0,,,,,https://salt.tikicdn.com/cache/280x280/ts/product/26/93/f6/d60e35055dcc079c133bd88962f0ccc0.jpg,https://tiki.vn/ao-dai-gam-in-p19589804.html?spid=19589810,,10328,Thời Trang FATRALY,,,,,,,,,,,,
92714721,,,92714730,7364477679072,Baciami-Áo Dài Đỏ Nhung Tay Lỡ,,,Baciami,4707723,1430000,,1430000,,0,0,0.0,0,,,0,,,,,https://salt.tikicdn.com/cache/280x280/ts/product/41/eb/74/1d66803e80f856d4314c322689cc4583.jpg,https://tiki.vn/baciami-ao-dai-do-nhung-tay-lo-p92714721.html?spid=92714730,,178364,Baciami,,,,,,,,,,,,
273934173,,,273934174,6442703334705,Áo dài cách tân thiết kế 4 tà tơ tím hoa cà thêu hoa lá ( size XL ),,,TUAN THI,8221246,950000,,950000,,0,0,0.0,0,,,0,,,,,https://salt.tikicdn.com/cache/280x280/ts/product/94/7b/58/76c063e591cdebec50326f4eea46f9e4.jpg,https://tiki.vn/ao-dai-cach-tan-thiet-ke-4-ta-to-tim-hoa-ca-theu-hoa-la-size-xl-p273934173.html?spid=273934174,,186114,Áo dài Tuấn Thi,,,,,,,,,,,,
91324662,,,91324663,1070354791669,Áo Dài Đông Phong,,,Baciami,4707723,950000,,950000,,0,0,0.0,0,,,0,,,,,https://salt.tikicdn.com/cache/280x280/ts/product/38/5c/86/6ec6baf0f4280bc5b5e91d38d7711b03.jpg,https://tiki.vn/ao-dai-dong-phong-p91324662.html?spid=91324663,,178364,Baciami,,,,,,,,,,,,
170519607,,,170519611,5894253778327,ÁO DÀI TRUYỀN THỐNG TAY PHỒNG TẶNG CÀI TÓC,,,	OEM,561415,530000,,530000,,0,0,0.0,0,,,0,,,,,https://salt.tikicdn.com/cache/280x280/ts/product/98/d4/e6/b4314bc4b904f5e1e7aee7a39f292b53.jpg,https://tiki.vn/ao-dai-truyen-thong-tay-phong-tang-cai-toc-p170519607.html?spid=170519611,,273439,Áo Hạnh Phúc,,,,,,,,,,,,
43673102,,,45429960,5721415057797,Áo Dài Truyền Thống Cổ Ren - KT2458,,,OEM,111461,340000,,340000,,0,0,4.0,1,2.0,Đã bán 2,0,,,,,https://salt.tikicdn.com/cache/280x280/ts/product/86/e4/3a/0a9502ee1052408c16b29450982c86df.jpg,https://tiki.vn/ao-dai-truyen-thong-co-ren-kt2458-p43673102.html?spid=45429960,,9455,MISA Shop,,,,,,,,,,,,
42992271,,,68393648,8365138437886,ÁO DÀI TRUYỀN THỐNG HỌA TIẾT HOA HỒNG KÈM QUẦN - NN26,,,OEM,111461,340000,,340000,,0,0,0.0,0,4.0,Đã bán 4,0,,,,,https://salt.tikicdn.com/cache/280x280/ts/product/af/19/e5/0db7f43a0d2b22b0a8c0956a8746298a.jpg,https://tiki.vn/set-ao-dai-truyen-thong-hoa-tiet-hoa-hong-nn26-p42992271.html?spid=68393648,,9455,MISA Shop,,,,,,,,,,,,
170516529,,,170516531,3926729869364,ÁO DÀI TRUYỀN THỐNG HOA NHŨ HOÀNG KIM TẶNG CÀI TÓC,,,	OEM,561415,570000,,570000,,0,0,0.0,0,,,0,,,,,https://salt.tikicdn.com/cache/280x280/ts/product/b1/06/68/5d1ba29a0253696c2ea6ff096fa2089d.jpg,https://tiki.vn/ao-dai-truyen-thong-hoa-nhu-hoang-kim-tang-cai-toc-p170516529.html?spid=170516531,,273439,Áo Hạnh Phúc,,,,,,,,,,,,
273869645,,,273875445,1592723912799,Áo dài cách tân lụa suông vàng kết hoa ( size M),,,TUAN THI,8221246,1150000,,1150000,,0,0,0.0,0,,,0,,,,,https://salt.tikicdn.com/cache/280x280/ts/product/35/47/b0/320923799cd0e02933e065b69a71e1cc.jpg,https://tiki.vn/ao-dai-suong-vang-ket-hoa-size-m-p273869645.html?spid=273875445,,186114,Áo dài Tuấn Thi,,,,,,,,,,,,
138533230,,,276643697,3292004311215,Áo dài xưa - Áo dài gấm may - lụa gấm cao cấp,,,OEM,111461,1400000,,1400000,,0,0,5.0,2,16.0,Đã bán 16,0,,,,,https://salt.tikicdn.com/cache/280x280/ts/product/5b/9c/ba/b72cfd31b52760794d9b373a9d620719.jpeg,https://tiki.vn/ao-dai-xua-ao-dai-gam-may-lua-gam-cao-cap-p138533230.html?spid=276643697,,76045,New Sky Shop 18,,,,,,,,,,,,
273591469,,,273591470,5232410818171,Áo dài suông đỏ đô kết hoa và chim ( SIZE M ),,,TUAN THI,8221246,1150000,,1150000,,0,0,0.0,0,,,0,,,,,https://salt.tikicdn.com/cache/280x280/ts/product/cb/0a/0e/4a71484fc720eeb28365151f33558f2e.jpg,https://tiki.vn/ao-dai-suong-do-do-ket-hoa-va-chim-size-m-p273591469.html?spid=273591470,,186114,Áo dài Tuấn Thi,,,,,,,,,,,,
171645845,,,171645871,1291146004360,"Áo dài cách tân nền hoa, tay lỡ, cổ tròn đính nơ 2 lớp dày dặn EMSPO SMM2654",,,Emspo,4004887,599000,,599000,,0,0,0.0,0,,,0,,,,,https://salt.tikicdn.com/cache/280x280/ts/product/a6/90/48/6d528894b546c03abcf693265859bf29.jpg,https://tiki.vn/ao-dai-cach-tan-nen-hoa-tay-lo-co-tron-dinh-no-2-lop-day-dan-emspo-smm2654-p171645845.html?spid=171645871,,263608,EMSPO Official store,,,,,,,,,,,,
273591548,,,273591549,4839879562659,Áo dài cách tân suông đỏ đô lụa kết hoa và chim ( size L ),,,TUAN THI,8221246,1150000,,1150000,,0,0,0.0,0,,,0,,,,,https://salt.tikicdn.com/cache/280x280/ts/product/cb/0a/0e/51ce2f5af5a838923599cf78a7d3d666.jpg,https://tiki.vn/ao-dai-suong-do-do-ket-hoa-va-chim-size-l-p273591548.html?spid=273591549,,186114,Áo dài Tuấn Thi,,,,,,,,,,,,
273877525,,,273877526,3622637259495,Áo dài cách tân lụa suông vàng kết hoa (size L),,,TUAN THI,8221246,1150000,,1150000,,0,0,0.0,0,,,0,,,,,https://salt.tikicdn.com/cache/280x280/ts/product/35/47/b0/7989ae4ad591c89545f2b745f824146f.jpg,https://tiki.vn/ao-dai-cach-tan-lua-suong-vang-ket-hoa-size-l-p273877525.html?spid=273877526,,186114,Áo dài Tuấn Thi,,,,,,,,,,,,
92714590,,,92714598,3510021644834,Baciami-Bộ Áo Dài Lụa Xanh Hoa Nhí,,,Baciami,4707723,1235000,,1235000,,0,0,0.0,0,,,0,,,,,https://salt.tikicdn.com/cache/280x280/ts/product/cc/e1/0a/df6ff6d7df246fd65f2707f4284b614f.jpg,https://tiki.vn/baciami-bo-ao-dai-lua-xanh-hoa-nhi-p92714590.html?spid=92714598,,178364,Baciami,,,,,,,,,,,,
273906685,,,273906686,3230911198847,Áo dài cách tân thiết kế lụa cam kết hoa ( size L),,,TUAN THI,8221246,1150000,,1150000,,0,0,0.0,0,,,0,,,,,https://salt.tikicdn.com/cache/280x280/ts/product/29/a1/6b/544e6acec080dc6aada496d5e8660e1a.jpg,https://tiki.vn/ao-dai-cach-tan-thiet-ke-lua-cam-ket-hoa-size-l-p273906685.html?spid=273906686,,186114,Áo dài Tuấn Thi,,,,,,,,,,,,
273877542,,,273877543,5595490084126,Áo dài cách tân suông lụa vàng kết hoa (size XL),,,TUAN THI,8221246,1150000,,1150000,,0,0,0.0,0,,,0,,,,,https://salt.tikicdn.com/cache/280x280/ts/product/35/47/b0/d35cab7cfa883b930b2fe287f6bbbced.jpg,https://tiki.vn/ao-dai-cach-tan-suong-lua-vang-ket-hoa-size-xl-p273877542.html?spid=273877543,,186114,Áo dài Tuấn Thi,,,,,,,,,,,,
273877517,,,273877518,8301868143765,Áo dài cách tân suông đỏ đô lụa kết hoa và chim (size XL),,,TUAN THI,8221246,1150000,,1150000,,0,0,0.0,0,,,0,,,,,https://salt.tikicdn.com/cache/280x280/ts/product/cb/0a/0e/06e7b43f562056e32363cd026b8b12ba.jpg,https://tiki.vn/ao-dai-cach-tan-suong-do-do-lua-ket-hoa-va-chim-size-xl-p273877517.html?spid=273877518,,186114,Áo dài Tuấn Thi,,,,,,,,,,,,
273829437,,,273829438,1739676836349,Áo dài thiết kế trắng suồng kết hoa ( size L),,,TUAN THI,8221246,1150000,,1150000,,0,0,0.0,0,,,0,,,,,https://salt.tikicdn.com/cache/280x280/ts/product/20/1c/a6/c10a213e12f96a7f34d85fd91b6ccee1.jpg,https://tiki.vn/ao-dai-thiet-ke-trang-suong-ket-hoa-size-l-p273829437.html?spid=273829438,,186114,Áo dài Tuấn Thi,,,,,,,,,,,,
273908412,,,273908413,5325545161991,Áo dài cách tân thiết kế lụa cam kết hoa ( size XL ),,,TUAN THI,8221246,1150000,,1150000,,0,0,0.0,0,,,0,,,,,https://salt.tikicdn.com/cache/280x280/ts/product/29/a1/6b/98aac0d6fc7a1d4d8832928cdb982551.jpg,https://tiki.vn/ao-dai-cach-tan-thiet-ke-lua-cam-ket-hoa-size-xl-p273908412.html?spid=273908413,,186114,Áo dài Tuấn Thi,,,,,,,,,,,,
273908867,,,273908868,2336694343109,Áo dài cách tân đỏ tơ 4 tà thêu hoa lá ( size L ),,,TUAN THI,8221246,950000,,950000,,0,0,0.0,0,,,0,,,,,https://salt.tikicdn.com/cache/280x280/ts/product/87/3e/4f/26d9754e2d4ab52182c6ee77aed4c9a2.jpg,https://tiki.vn/ao-dai-cach-tan-do-to-4-ta-theu-hoa-la-size-l-p273908867.html?spid=273908868,,186114,Áo dài Tuấn Thi,,,,,,,,,,,,
273908961,,,273908962,2186095673227,Áo dài cách tân thiết kế hồng tơ 4 tà thêu hoa lá ( size L),,,TUAN THI,8221246,950000,,950000,,0,0,0.0,0,,,0,,,,,https://salt.tikicdn.com/cache/280x280/ts/product/7b/87/4b/8511494e1923d71e72809bdf66c0dcef.jpg,https://tiki.vn/ao-dai-cach-tan-thiet-ke-hong-to-4-ta-theu-hoa-la-size-l-p273908961.html?spid=273908962,,186114,Áo dài Tuấn Thi,,,,,,,,,,,,
107155524,,,107155527,6525108384535,Áo dài ngủ kiểu dáng dài sexy kèm quần lót,,,OEM,111461,65000,,65000,,0,0,0.0,0,3.0,Đã bán 3,0,,,,,https://salt.tikicdn.com/cache/280x280/ts/product/e8/76/e7/2e55174c692b38e89f1ffa517900a91b.jpg,https://tiki.vn/ao-dai-ngu-kieu-dang-dai-sexy-kem-quan-lot-p107155524.html?spid=107155527,,195824,Haphuongshop,,,,,,,,,,,,
92714493,,,92714521,1701946092361,Baciami-Bộ Áo Dài Ren Tay Phồng,,,Baciami,4707723,1690000,,1690000,,0,0,0.0,0,,,0,,,,,https://salt.tikicdn.com/cache/280x280/ts/product/e7/c8/60/0b45d2f6760975a2c2dc56e763a26d6b.jpg,https://tiki.vn/baciami-bo-ao-dai-ren-tay-phong-p92714493.html?spid=92714521,,178364,Baciami,,,,,,,,,,,,
149397180,,,149397182,9587167528520,Áo dạ nữ dáng dài rộng phong cách retro - Hàng cao cấp,,,OEM,111461,498000,,498000,,0,0,0.0,0,,,0,,,,,https://salt.tikicdn.com/cache/280x280/ts/product/8c/ef/22/5c72a14d4cb2bad7fac38dfae23a962b.jpg,https://tiki.vn/ao-da-nu-dang-dai-rong-phong-cach-retro-hang-cao-cap-p149397180.html?spid=149397182,,40092,Kính Xinh Shop,,,,,,,,,,,,
92714841,,,92714863,6252129679306,Baciami-Áo Dài Lụa Vàng Hoa Đỏ,,,Baciami,4707723,1235000,,1235000,,0,0,0.0,0,,,0,,,,,https://salt.tikicdn.com/cache/280x280/ts/product/1c/e2/fb/f3e3c8bbb47bb13bd07a62a7fbdf9b5e.jpg,https://tiki.vn/baciami-ao-dai-lua-vang-hoa-do-p92714841.html?spid=92714863,,178364,Baciami,,,,,,,,,,,,
273877051,,,273877052,9717543966114,Áo dài cách tân xanh pasto tay tơ phồng kết hoa vòng ngực (size M),,,TUAN THI,8221246,1250000,,1250000,,0,0,0.0,0,1.0,Đã bán 1,0,,,,,https://salt.tikicdn.com/cache/280x280/ts/product/7a/b6/93/1beedaf192834fb0eede174c7a4a7445.jpg,https://tiki.vn/ao-dai-cach-tan-xanh-pasto-tay-to-phong-ket-hoa-vong-nguc-size-m-p273877051.html?spid=273877052,,186114,Áo dài Tuấn Thi,,,,,,,,,,,,
273877098,,,273877099,5059183300583,Áo dài cách tân xanh pasto tay tơ phồng kết hoa vòng ngực ( size S ),,,TUAN THI,8221246,1250000,,1250000,,0,0,0.0,0,,,0,,,,,https://salt.tikicdn.com/cache/280x280/ts/product/7a/b6/93/88a57e7d0d61eba9bf086be5dee6c6ca.jpg,https://tiki.vn/ao-dai-cach-tan-xanh-pasto-tay-to-phong-ket-hoa-vong-nguc-size-s-p273877098.html?spid=273877099,,186114,Áo dài Tuấn Thi,,,,,,,,,,,,
273908988,,,273908989,4633875958381,Áo dài cách tân thiết kế hồng tơ 4 tà thêu hoa lá ( size XL ),,,TUAN THI,8221246,950000,,950000,,0,0,0.0,0,,,0,,,,,https://salt.tikicdn.com/cache/280x280/ts/product/7b/87/4b/bd29ed1756bd876e3d4ac5d5137ded90.jpg,https://tiki.vn/ao-dai-cach-tan-thiet-ke-hong-to-4-ta-theu-hoa-la-size-xl-p273908988.html?spid=273908989,,186114,Áo dài Tuấn Thi,,,,,,,,,,,,
170522111,,,170522139,4281619027263,ÁO DÀI TRUYỀN THỐNG IN HOA HỒNG TẶNG CÀI TÓC XINH XẮN,,,	OEM,561415,530000,,530000,,0,0,0.0,0,,,0,,,,,https://salt.tikicdn.com/cache/280x280/ts/product/2c/6a/48/a6922638adc7e6fb8aaaf8aa03d81f2b.jpg,https://tiki.vn/ao-dai-truyen-thong-in-hoa-hong-tang-cai-toc-xinh-xan-p170522111.html?spid=170522139,,273439,Áo Hạnh Phúc,,,,,,,,,,,,
92714312,,,92714320,4707783442348,Baciami-Bộ Áo Dài Lụa Tay Phồng In Hoa,,,Baciami,4707723,1690000,,1690000,,0,0,0.0,0,,,0,,,,,https://salt.tikicdn.com/cache/280x280/ts/product/c4/6c/f8/b9f92880542275346a7e5c8406c6d283.jpg,https://tiki.vn/baciami-bo-ao-dai-lua-tay-phong-in-hoa-p92714312.html?spid=92714320,,178364,Baciami,,,,,,,,,,,,
273906350,,,273906351,5898332999087,Áo dài cách tân thiết kế lụa cam kết hoa cam ( size M),,,TUAN THI,8221246,1150000,,1150000,,0,0,0.0,0,,,0,,,,,https://salt.tikicdn.com/cache/280x280/ts/product/29/a1/6b/83b3546ef1219c2eec7162825c5081b0.jpg,https://tiki.vn/ao-dai-cach-tan-thiet-ke-lua-cam-ket-hoa-cam-size-m-p273906350.html?spid=273906351,,186114,Áo dài Tuấn Thi,,,,,,,,,,,,
273869373,,,273869382,2614468776090,Áo dài cách tân suông đỏ lụa kết hoa sen ( size XL),,,TUAN THI,8221246,1150000,,1150000,,0,0,0.0,0,,,0,,,,,https://salt.tikicdn.com/cache/280x280/ts/product/08/77/06/6cfadef190746574874cc9dbc70abdfb.jpg,https://tiki.vn/ao-dai-suong-do-ket-hoa-sen-size-xl-p273869373.html?spid=273869382,,186114,Áo dài Tuấn Thi,,,,,,,,,,,,
47328075,,,72890006,5189838943316,Áo Dài Hoa Sen Truyền Thống,,,OEM,111461,360000,,360000,,0,0,0.0,0,1.0,Đã bán 1,0,,,,,https://salt.tikicdn.com/cache/280x280/ts/product/e2/a4/67/51ec554ae692664c8d1aadd89f3bf0e3.jpg,https://tiki.vn/ao-dai-hoa-sen-truyen-thong-p47328075.html?spid=72890006,,9455,MISA Shop,,,,,,,,,,,,
273908906,,,273908907,6413156956050,Áo dài cách tân thiết kế đỏ 4 tà thêu hoa lá ( size XL ),,,TUAN THI,8221246,950000,,950000,,0,0,0.0,0,,,0,,,,,https://salt.tikicdn.com/cache/280x280/ts/product/24/b5/84/efcb5bdaaae50f73d992826aada38867.jpg,https://tiki.vn/ao-dai-cach-tan-thiet-ke-do-4-ta-theu-hoa-la-size-xl-p273908906.html?spid=273908907,,186114,Áo dài Tuấn Thi,,,,,,,,,,,,
278566820,,,278566828,9751295086464,"Quần áo dài lụa có đủ màu phối áo dài và áo bà ba vải lụa co giãn (size S,M mặc Số 1 -size L,XL mặc Số 2 )(phía trước dây kéo phía sau có thun ) Nữ",,,OEM,111461,150000,,150000,,0,0,0.0,0,,,0,,,,,https://salt.tikicdn.com/cache/280x280/ts/product/ed/78/78/7215a170db96eda715f812882d7b2b8f.jpeg,https://tiki.vn/quan-ao-dai-lua-co-du-mau-phoi-ao-dai-va-ao-ba-ba-vai-lua-co-gian-size-s-m-mac-so-1-size-l-xl-mac-so-2-phia-truoc-day-keo-phia-sau-co-thun-nu-p278566820.html?spid=278566828,,363032,Shop Phố Anh,,,,,,,,,,,,
144162731,,,144162741,6160864644519,Áo kiểu nữ dài tay phối hoạ tiết hoa xinh ALe35,,,Haint Boutique,248413,199000,,199000,,0,0,0.0,0,1.0,Đã bán 1,0,,,,,https://salt.tikicdn.com/cache/280x280/ts/product/cd/0c/e2/2d776face5b970ee3d263942aa63ae6d.jpg,https://tiki.vn/ao-kieu-nu-dai-tay-phoi-hoa-tiet-hoa-xinh-ale35-p144162731.html?spid=144162741,,10738,ĐŨI VIỆT Official,,,,,,,,,,,,
165712492,,,165712504,6709007375286,Áo sơ mi nữ tay dài,,,	OEM,561415,269000,,269000,,0,0,0.0,0,,,0,,,,,https://salt.tikicdn.com/cache/280x280/ts/product/b3/04/6f/6e995d9dc44091ae0e213ef795071ada.jpg,https://tiki.vn/ao-so-mi-nu-tay-dai-p165712492.html?spid=165712504,,174218,ShopDucThang,,,,,,,,,,,,
273591007,,,273591008,2238457589496,Áo dài thiết kế vàng kết hoa (size XL),,,TUAN THI,8221246,1550000,,1550000,,0,0,0.0,0,,,0,,,,,https://salt.tikicdn.com/cache/280x280/ts/product/c3/35/80/73032ed2d8c7ac064bf101e600b7c1f0.jpg,https://tiki.vn/ao-dai-thiet-ke-vang-ket-hoa-p273591007.html?spid=273591008,,186114,Áo dài Tuấn Thi,,,,,,,,,,,,
273591431,,,273591432,3650177804895,Áo dài suông đỏ kết hoa sen ( size M ),,,TUAN THI,8221246,1150000,,1150000,,0,0,0.0,0,,,0,,,,,https://salt.tikicdn.com/cache/280x280/ts/product/36/8e/fb/5c9b799ebb63fe72f99d036bc7918d8e.jpg,https://tiki.vn/ao-dai-suong-do-ket-hoa-sen-size-l-p273591431.html?spid=273591432,,186114,Áo dài Tuấn Thi,,,,,,,,,,,,
273829458,,,273829459,4668261757199,Áo dài thiết kế suông trắng kết hoa ( size XL),,,TUAN THI,8221246,1150000,,1150000,,0,0,0.0,0,,,0,,,,,https://salt.tikicdn.com/cache/280x280/ts/product/20/1c/a6/70c4be683a28929869c271d41fed88cf.jpg,https://tiki.vn/ao-dai-thiet-ke-suong-trang-ket-hoa-size-xl-p273829458.html?spid=273829459,,186114,Áo dài Tuấn Thi,,,,,,,,,,,,
273904608,,,273904612,2946629949926,OLV - Áo dài AD Diên Hy (Không kèm quần),,,OLV ,3799115,1300000,,1300000,,0,0,0.0,0,,,0,,,,,https://salt.tikicdn.com/cache/280x280/ts/product/0f/70/e6/577fc8ef40c86fc678c04cb9b1eb61ef.jpg,https://tiki.vn/olv-ao-dai-ad-dien-hy-khong-kem-quan-p273904608.html?spid=273904612,,147431,OLV Boutique,,,,,,,,,,,,
273829031,,,273829032,4529242453227,Áo dài thiết kế trắng suông kết hoa ( size M ),,,TUAN THI,8221246,1150000,,1150000,,0,0,0.0,0,,,0,,,,,https://salt.tikicdn.com/cache/280x280/ts/product/20/1c/a6/df38b23db4b7ddd63c33f0a3a5818f39.jpg,https://tiki.vn/ao-dai-thiet-ke-trang-suong-ket-hoa-size-m-p273829031.html?spid=273829032,,186114,Áo dài Tuấn Thi,,,,,,,,,,,,
124608168,,,124608170,5305126878636,Áo kiểu nữ dài tay ren hoa Haint Boutique ale43,,,Haint Boutique,248413,249000,,249000,,0,0,0.0,0,,,0,,,,,https://salt.tikicdn.com/cache/280x280/ts/product/ef/28/43/8ca582c14365a8196ba82ab3581cac5a.jpg,https://tiki.vn/ao-kieu-nu-dai-tay-ren-hoa-haint-boutique-ale43-p124608168.html?spid=124608170,,10738,ĐŨI VIỆT Official,,,,,,,,,,,,
24917669,,,24917675,4173844721847,Áo nữ dài tay phối trắng- đen Sm80,,,Haint Boutique,248413,149000,,149000,,0,0,5.0,1,4.0,Đã bán 4,0,,,,,https://salt.tikicdn.com/cache/280x280/ts/product/ec/f0/fd/d204222eb80e67868975a42459ab73f7.jpg,https://tiki.vn/ao-nu-dai-tay-phoi-mau-80-p24917669.html?spid=24917675,,10738,ĐŨI VIỆT Official,,,,,,,,,,,,
133893595,,,133893606,5082541119224,Áo kiểu nữ dài tay ren hoa thu đông ale43,,,Haint Boutique,248413,249000,,249000,,0,0,0.0,0,,,0,,,,,https://salt.tikicdn.com/cache/280x280/ts/product/4a/60/0c/faa0805e4581f7102a62c642f47f42f8.jpg,https://tiki.vn/ao-kieu-nu-dai-tay-ren-hoa-thu-dong-ale43-p133893595.html?spid=133893606,,235034,HaiBoutique,,,,,,,,,,,,
274209152,,,274209156,2548394123826,"Áo Dài Lê Phổ Trà, Áo Dài Cổ Điển Dáng Suông Raglan Lụa Xanh thời trang thiết kế Hity ADA003",,,Hity,142871,2395000,,2395000,,0,0,0.0,0,,,0,,,,,https://salt.tikicdn.com/cache/280x280/ts/product/95/fd/0b/8bbbefff40d6df99394af14155e9dfc1.jpg,https://tiki.vn/ao-dai-le-pho-tra-ada003-thoi-trang-thiet-ke-hity-p274209152.html?spid=274209156,,255,Hity – lifestyle your way,,,,,,,,,,,,
91324718,,,91324719,4766463240867,Aó Dài Lộc Ước,,,Baciami,4707723,1100000,,1100000,,0,0,0.0,0,,,0,,,,,https://salt.tikicdn.com/cache/280x280/ts/product/5d/cf/58/401132d715ead69482b57c7c84793091.jpg,https://tiki.vn/ao-dai-loc-uoc-p91324718.html?spid=91324719,,178364,Baciami,,,,,,,,,,,,
32394818,,,32394820,6798367349415,Áo ren hoa nữ dài tay thu đông họa tiết hoa mai 43,,,Haint Boutique,248413,320000,,320000,,0,0,4.0,1,3.0,Đã bán 3,0,,,,,https://salt.tikicdn.com/cache/280x280/ts/product/05/ca/58/39221b94b4501141d22cdc216b64b7f2.jpg,https://tiki.vn/ao-ren-hoa-nu-dai-tay-thu-dong-hoa-tiet-hoa-mai-43-p32394818.html?spid=32394820,,10738,ĐŨI VIỆT Official,,,,,,,,,,,,
133893293,,,133893318,3630393147321,"Áo kiểu nữ, áo ren dài tay ALe65",,,Haint Boutique,248413,209000,,209000,,0,0,0.0,0,,,0,,,,,https://salt.tikicdn.com/cache/280x280/ts/product/ef/da/aa/e2e35a1f87e332bccbcda834eed1d1f6.jpg,https://tiki.vn/xa-hang-ao-ren-kieu-ale65-p133893293.html?spid=133893318,,235034,HaiBoutique,,,,,,,,,,,,
251282254,,,251282255,8707109811257,"Áo dài cách tân chất lượng cao dành cho những buổi tiệc trang trọng, lễ cưới hỏi tôn nghiêm.",,,Myqlothing,4702255,5490000,,5490000,,0,0,0.0,0,,,0,,,,,https://salt.tikicdn.com/cache/280x280/ts/product/c5/49/c5/32ffe2d81ca4164fa8b2f8d1a1eeb47a.jpeg,https://tiki.vn/ao-dai-cach-tan-chat-luong-cao-danh-cho-nhung-buoi-tiec-trang-trong-le-cuoi-hoi-ton-nghiem-p251282254.html?spid=251282255,,135606,Myqlothing,,,,,,,,,,,,
143008525,,,143008531,7020236301207,"Áo kiểu nữ,Áo kiểu nữ dài tay ren hoa thu đông ale43",,,Haint Boutique,248413,249000,,249000,,0,0,0.0,0,,,0,,,,,https://salt.tikicdn.com/cache/280x280/ts/product/ef/28/43/120ba0a780fb2a6c371884e94347e484.jpg,https://tiki.vn/ao-kieu-nu-ao-kieu-nu-dai-tay-ren-hoa-thu-dong-ale43-p143008525.html?spid=143008531,,10738,ĐŨI VIỆT Official,,,,,,,,,,,,
275353471,,,275353475,7879296869437,Áo Khoác Dài Isla Bonita,,,Isla Bonita,8168527,1000000,,1000000,,0,0,0.0,0,,,0,,,,,https://salt.tikicdn.com/cache/280x280/ts/product/f7/2b/72/7f36386196e3e2eb7ea295d7be71791f.jpg,https://tiki.vn/ao-khoac-dai-isla-bonita-p275353471.html?spid=275353475,,850,El amor,,,,,,,,,,,,
276256302,,,276256304,9610650157306,Đầm giả áo dài -Y1576 - Thương hiệu Zonbig,,,Zonbig,252745,480000,,480000,,0,0,0.0,0,,,0,,,,,https://salt.tikicdn.com/cache/280x280/ts/product/44/ff/47/a4c2465ae995ac3307072319ada8a91b.jpg,https://tiki.vn/dam-gia-ao-dai-y1576-thuong-hieu-zonbig-p276256302.html?spid=276256304,,357744,Thời trang Zonbig,,,,,,,,,,,,
276347651,,,276347661,9007829808877,Đầm giả áo dài - Y1774 - Thương hiệu Zonbig,,,Zonbig,252745,700000,,700000,,0,0,0.0,0,,,0,,,,,https://salt.tikicdn.com/cache/280x280/ts/product/50/ea/6f/036f4997000372c21905a20dedfa179f.jpg,https://tiki.vn/dam-gia-ao-dai-y1774-thuong-hieu-zonbig-p276347651.html?spid=276347661,,357744,Thời trang Zonbig,,,,,,,,,,,,
75284774,,,75284775,4449126727587,Váy đỏ thêu hoa dáng suông kiểu áo dài cách tân sang trọng thời trang xinh HB03,,,Haint Boutique,248413,199000,,199000,,0,0,5.0,1,1.0,Đã bán 1,0,,,,,https://salt.tikicdn.com/cache/280x280/ts/product/f2/7e/c0/dec671068ff23d3fca6698f0aa936d8b.jpg,https://tiki.vn/vay-do-theu-hoa-dang-suong-kieu-ao-dai-cach-tan-sang-trong-thoi-trang-xinh-hb03-p75284774.html?spid=75284775,,10738,ĐŨI VIỆT Official,,,,,,,,,,,,
92729205,,,92729215,4412881571469,Baciami-Áo Lụa Tay Dài Phôm Suông,,,Baciami,4707723,676000,,676000,,0,0,0.0,0,,,0,,,,,https://salt.tikicdn.com/cache/280x280/ts/product/d2/ec/76/55c8e98dccbc416407b5a98ed06258de.jpg,https://tiki.vn/baciami-ao-lua-tay-dai-phom-suong-p92729205.html?spid=92729215,,178364,Baciami,,,,,,,,,,,,
13410621,,,56439715,7991739431360,Áo nữ dài tay phối ren Haint Boutique ALe65,,,Haint Boutique,248413,199000,,199000,,0,0,5.0,1,1.0,Đã bán 1,0,,,,,https://salt.tikicdn.com/cache/280x280/ts/product/5d/ff/e0/517fbb1abe5ca91c7d53cb7312aa40f5.jpg,https://tiki.vn/ao-nu-dai-tay-phoi-ren-haint-boutique-ale65-p13410621.html?spid=56439715,,10738,ĐŨI VIỆT Official,,,,,,,,,,,,
146633507,,,146633598,9112148332215,QUẦN DÀI NỮ TQ124K1631 GENVIET,,,GENVIET JEANS,400211,528000,,528000,,0,0,0.0,0,,,0,,,,,https://salt.tikicdn.com/cache/280x280/ts/product/ac/37/a8/c44c30ca72821134ebc18053e6cb6717.jpg,https://tiki.vn/quan-dai-nu-tq124k1631-genviet-p146633507.html?spid=146633598,,41170,GENVIET JEANS,,,,,,,,,,,,
92729337,,,92729347,6089887595728,Baciami-Áo Kiểu Nơ Eo Tay Dài,,,Baciami,4707723,806000,,806000,,0,0,0.0,0,,,0,,,,,https://salt.tikicdn.com/cache/280x280/ts/product/72/cd/c7/4543b4d042855d03d3dcb812906cc912.jpg,https://tiki.vn/baciami-ao-kieu-no-eo-tay-dai-p92729337.html?spid=92729347,,178364,Baciami,,,,,,,,,,,,
26052875,,,26052881,5124104331237,Áo ren nữ dài tay cổ trụ xinh xắn 34,,,Haint Boutique,248413,320000,,320000,,0,0,4.5,5,17.0,Đã bán 17,0,,,,,https://salt.tikicdn.com/cache/280x280/ts/product/84/67/d1/886043cf0ce3c1f8187e443202bbba96.jpg,https://tiki.vn/ao-ren-nu-dai-tay-co-tru-xinh-xan-34-p26052875.html?spid=26052881,,10738,ĐŨI VIỆT Official,,,,,,,,,,,,
9859912,,,9859914,3296472935125,Áo Vest Nữ Dài F’Amor - Xanh Nhạt (Size,,,F'Amor,186559,1150000,,1150000,,0,0,0.0,0,,,0,,,,,https://salt.tikicdn.com/cache/280x280/ts/product/d3/ce/a8/df2ecce4ca791ee29cdcc33014f40d9d.jpg,https://tiki.vn/ao-vest-nu-dai-f-amor-xanh-nhat-p9859912.html?spid=9859914,,2578,PAMORE,,,,,,,,,,,,
187826973,,,187826974,7606875539067,Áo khoác nữ dáng dài bigsize Burgundy 2NDDATE CO003BF,,,2NDDATE,7368299,1775000,,1775000,,0,0,0.0,0,,,0,,,,,https://salt.tikicdn.com/cache/280x280/ts/product/8e/4e/b8/c0654d87f4f82747198b3f20223823ef.jpg,https://tiki.vn/ao-khoac-nu-dang-dai-bigsize-burgundy-2nddate-co003bf-p187826973.html?spid=187826974,,292406,2NDDATE,,,,,,,,,,,,
276927699,,,276927703,1936763493708,"Áo sơ mi váy dáng dài, chất liệu đũi mềm mịn, áo dài cách tân nữ form dài rộng kiểu Hàn Quốc, NeSa Shop ACT01",,,OEM,111461,95000,,169000,,74000,44,0.0,0,,,0,,,,,https://salt.tikicdn.com/cache/280x280/ts/product/f8/d4/bf/fd42e6afe952c7be3c8e7ebbec596dae.jpg,https://tiki.vn/ao-so-mi-vay-dang-dai-chat-lieu-dui-mem-min-ao-dai-cach-tan-nu-form-dai-rong-kieu-han-quoc-nesa-shop-act01-p276927699.html?spid=276927703,,249310,NeSa Shop,,,,,,,,,,,,
8464798,,,8470377,7638413829326,Áo Sơ Mi Nữ Tay Dài Titishop SMN142,,,Titishop,144467,69000,,69000,,0,0,0.0,0,,,0,,,,,https://salt.tikicdn.com/cache/280x280/ts/product/b1/83/8e/560eafeffb183c3ed57021d6052f1efa.jpg,https://tiki.vn/ao-so-mi-nu-tay-dai-titishop-smn142-p8464798.html?spid=8470377,,476,TitiShop,,,,,,,,,,,,
276946158,,,276946159,4292818139546,Áo Khoác Dạ Nữ Dáng Dài Cashmere Cao Cấp ,,,LiLiLa,4439003,648000,,648000,,0,0,0.0,0,,,0,,,,,https://salt.tikicdn.com/cache/280x280/ts/product/1b/6a/f0/1c7b85ea5df39f591446fbcd52765d97.jpg,https://tiki.vn/ao-khoac-da-nu-dang-dai-cashmere-cao-cap-p276946158.html?spid=276946159,,40092,Kính Xinh Shop,,,,,,,,,,,,
277522748,,,277522760,6123848165721,Áo Khoác Nhẹ Áo Khoác Nữ Dù Tay Dài 2407028,,,Ninomaxx,264023,699000,,699000,,0,0,0.0,0,,,0,,,,,https://salt.tikicdn.com/cache/280x280/ts/product/b7/e5/b3/3c79cd6081f45f6a9ca37b17fd471fe1.jpg,https://tiki.vn/ao-khoac-nhe-ao-khoac-nu-du-tay-dai-2407028-p277522748.html?spid=277522760,,16414,Ninomaxx Concept,,,,,,,,,,,,
138393173,,,138393215,3079470953171,Set áo dài bé gái truyền thống thêu hoa cực xinh áo dài kèm quần J056 MamLa,,,OEM,111461,245000,,245000,,0,0,0.0,0,2.0,Đã bán 2,0,,,,,https://salt.tikicdn.com/cache/280x280/ts/product/c1/e2/18/c20aff5c4c43f1cf164afc0efc3e79b9.jpg,https://tiki.vn/set-ao-dai-be-gai-truyen-thong-theu-hoa-cuc-xinh-ao-dai-kem-quan-j056-mamla-p138393173.html?spid=138393215,,171366,Thời Trang Mầm Lá,,,,,,,,,,,,
124592664,,,124592672,6599889363400,Áo kiểu nữ thiết kế dài tay vải trơn ale29,,,Haint Boutique,248413,149000,,149000,,0,0,0.0,0,,,0,,,,,https://salt.tikicdn.com/cache/280x280/ts/product/6a/94/d5/ac695f2eb39ec129c3b89b532b7f5589.jpg,https://tiki.vn/ao-kieu-nu-thiet-ke-dai-tay-vai-tron-ale29-p124592664.html?spid=124592672,,10738,ĐŨI VIỆT Official,,,,,,,,,,,,
49471662,,,49471694,3266457505209,Áo Lụa Tay Dài Hity TOP103 (Nghệ Tây Saffron),,,Hity,142871,799000,,799000,,0,0,2.0,1,1.0,Đã bán 1,0,,,,,https://salt.tikicdn.com/cache/280x280/ts/product/da/a1/8c/2ef75e348fca8981a8d82029917940c5.jpg,https://tiki.vn/ao-lua-tay-dai-hity-top103-nghe-tay-saffron-p49471662.html?spid=49471694,,255,Hity – lifestyle your way,,,,,,,,,,,,
187825534,,,187825545,4563231741100,Áo khoác nữ bigsize dáng dài Hồng Đào 2NDDATE CO001PWCF,,,2NDDATE,7368299,3550000,,3550000,,0,0,0.0,0,,,0,,,,,https://salt.tikicdn.com/cache/280x280/ts/product/26/b3/c8/7145903f4ef75240ea1202f6e883264e.jpg,https://tiki.vn/ao-khoac-nu-bigsize-dang-dai-hong-dao-2nddate-co001pwcf-p187825534.html?spid=187825545,,292406,2NDDATE,,,,,,,,,,,,
197377704,,,197377772,9608765833075,"Áo dài nữ đánh Golf chính hãng PGM - YF424 - Chất liệu len dệt kim thấm mồ hôi cao cấp, bền đẹp",,,PGM,261827,1850000,,1850000,,0,0,0.0,0,,,0,,,,,https://salt.tikicdn.com/cache/280x280/ts/product/fa/6c/e2/b3cc2a5601b1106563a0b9df9f5f0c6b.jpg,https://tiki.vn/ao-dai-nu-danh-golf-chinh-hang-pgm-yf424-chat-lieu-len-det-kim-tham-mo-hoi-cao-cap-ben-dep-p197377704.html?spid=197377772,,244635,Golfmax,,,,,,,,,,,,
61280951,,,61280969,1635234733173,Áo kiểu nữ dài tay phối viền sang trọng - thích hợp mặc đi làm mang đến vẻ thanh lịch sang trọng,,,OEM,111461,185000,,185000,,0,0,4.5,9,35.0,Đã bán 35,0,,,,,https://salt.tikicdn.com/cache/280x280/ts/product/b6/15/7d/74a393e2c026a9e22469083ebcf6f52c.JPG,https://tiki.vn/ao-kieu-nu-dai-tay-phoi-vien-sang-trong-thich-hop-mac-di-lam-mang-den-ve-thanh-lich-sang-trong-p61280951.html?spid=61280969,,65979,Thời Trang MYMYSHOP,,,,,,,,,,,,
136085313,,,136085315,1075539315225,"Áo kiểu nữ dài tay chất tơ lụa sang trọng - mặc cùng chân váy, quần tây, jeans đi làm , đi tiệc",,,OEM,111461,145000,,145000,,0,0,3.5,6,15.0,Đã bán 15,0,,,,,https://salt.tikicdn.com/cache/280x280/ts/product/56/a3/df/9c36158bab1eca83167af61b3449b598.png,https://tiki.vn/ao-kieu-nu-dai-tay-chat-to-lua-sang-trong-mac-cung-chan-vay-quan-tay-jeans-di-lam-di-tiec-p136085313.html?spid=136085315,,65979,Thời Trang MYMYSHOP,,,,,,,,,,,,
24797554,,,24797558,4724336304569,Áo nữ phối ren dài tay Ale65,,,Haint Boutique,248413,199000,,199000,,0,0,4.0,1,12.0,Đã bán 12,0,,,,,https://salt.tikicdn.com/cache/280x280/ts/product/49/36/af/866797dd98026bd7092ffb8df3897d08.jpg,https://tiki.vn/ao-nu-phoi-ren-dai-tay-ale65-p24797554.html?spid=24797558,,10738,ĐŨI VIỆT Official,,,,,,,,,,,,
188189157,,,188189159,4059382562077,"Áo dài tay thu đông nữ - Áo co giãn, đàn hồi, mềm mại, thoải mái khi chơi golf",,,PGM,261827,1650000,,1650000,,0,0,0.0,0,,,0,,,,,https://salt.tikicdn.com/cache/280x280/ts/product/87/09/cd/4ab0a4a56ebd7dd242b50d6f675a3d35.jpg,https://tiki.vn/ao-dai-tay-thu-dong-nu-ao-co-gian-dan-hoi-mem-mai-thoai-mai-khi-choi-golf-p188189157.html?spid=188189159,,244635,Golfmax,,,,,,,,,,,,
55938349,,,55938351,5702176754798,Tranh sơn mài cao cấp - Thiếu Nữ Áo Dài,,,Gallery Minh Quân,8246304,1390000,,1390000,,0,0,0.0,0,,,0,,,,,https://salt.tikicdn.com/cache/280x280/ts/product/cb/39/98/fad49b3e09fb140469992f40555998d8.jpg,https://tiki.vn/tranh-son-mai-cao-cap-thieu-nu-ao-dai-p55938349.html?spid=55938351,,60355,gallery Minh Quân,,,,,,,,,,,,
115009631,,,115009649,5853984553083,Áo khoác len nữ dáng dài freesize ak33,,,Haint Boutique,248413,299000,,299000,,0,0,0.0,0,,,0,,,,,https://salt.tikicdn.com/cache/280x280/ts/product/ce/4c/3e/527051d49a3839dceaec6ba903244cb3.jpg,https://tiki.vn/ao-khoac-len-nu-dang-dai-freesize-ak33-p115009631.html?spid=115009649,,10738,ĐŨI VIỆT Official,,,,,,,,,,,,
275843106,,,275843107,5471973536882,"Áo khoác thể thao nữ dáng dài chất nhẹ, mát - Hàng cao cấp",,,CeCe CiCi,5699357,339000,,339000,,0,0,0.0,0,,,0,,,,,https://salt.tikicdn.com/cache/280x280/ts/product/e5/0c/42/3399a08e0f0426ae1e88f9da2eaf0440.jpg,https://tiki.vn/ao-khoac-the-thao-nu-dang-dai-chat-nhe-mat-hang-cao-cap-p275843106.html?spid=275843107,,268616,CECE STORE,,,,,,,,,,,,
194207963,,,194207964,5174066498690,"Áo Len Dài Tay Cổ Tròn Thời Trang Hàn Quốc Cho Nữ Haint Boutique, Áo len Cổ Tròn Dài Tay Pha Ren Xinh HB50",,,Haint Boutique,248413,179000,,179000,,0,0,0.0,0,,,0,,,,,https://salt.tikicdn.com/cache/280x280/ts/product/a2/dd/57/4f942af21eaee666d6bb874b211a9d36.jpg,https://tiki.vn/ao-len-dai-tay-co-tron-thoi-trang-han-quoc-cho-nu-haint-boutique-ao-len-co-tron-dai-tay-pha-ren-xinh-hb50-p194207963.html?spid=194207964,,10738,ĐŨI VIỆT Official,,,,,,,,,,,,
187826337,,,187826345,4690065276708,Quần dài nữ Taffeta Vạt đáp 2NDDATE TR017LF,,,2NDDATE,7368299,909300,,909300,,0,0,0.0,0,,,0,,,,,https://salt.tikicdn.com/cache/280x280/ts/product/0b/bf/06/3cca9281ad6bbd343d7c2de002531361.jpg,https://tiki.vn/quan-dai-nu-taffeta-vat-dap-2nddate-tr017lf-p187826337.html?spid=187826345,,292406,2NDDATE,,,,,,,,,,,,
276801894,,,276801896,8089039902446,"Áo kiểu nữ, cổ ngang, dài tay  TAYLOR  thiết kế cao cấp WHITE CHIC",,,WHITE CHIC,8254925,1590000,,1590000,,0,0,0.0,0,,,0,,,,,https://salt.tikicdn.com/cache/280x280/ts/product/78/b6/5d/86be5d99de37169caf0d4ad9257224b3.jpg,https://tiki.vn/ao-kieu-nu-co-ngang-dai-tay-taylor-thiet-ke-cao-cap-white-chic-p276801894.html?spid=276801896,,359223,WHITECHIC STORE,,,,,,,,,,,,
274210585,,,274210591,6866045859855,Áo Dài Lemur Đào ADA002 thời trang thiết kế Hity,,,Hity,142871,1995000,,1995000,,0,0,0.0,0,,,0,,,,,https://salt.tikicdn.com/cache/280x280/ts/product/93/88/52/7490d16f0b3f9bd4ba1f5a58bc5b811a.jpg,https://tiki.vn/ao-dai-lemur-dao-ada002-thoi-trang-thiet-ke-hity-p274210585.html?spid=274210591,,255,Hity – lifestyle your way,,,,,,,,,,,,
273406720,,,273406728,2837676719227,Đồ nữ dài tay May 10 mã 060223026TĐL1 2,,,May 10,274275,399000,,399000,,0,0,0.0,0,,,0,,,,,https://salt.tikicdn.com/cache/280x280/ts/product/1f/aa/4b/2e38a0ea9866be86424c67d564cf5f84.jpg,https://tiki.vn/do-nu-dai-tay-may-10-ma-060223026tdl1-2-p273406720.html?spid=273406728,,16588,May 10,,,,,,,,,,,,
34148555,,,51502513,4988004041846,"Đồ bộ ngủ nữ tay dài, quần dài",,,OEM,111461,200000,,200000,,0,0,3.8,4,25.0,Đã bán 25,0,,,,,https://salt.tikicdn.com/cache/280x280/ts/product/3e/b1/13/3054135095e943f972e8f7ef4de6bab0.jpg,https://tiki.vn/do-bo-ngu-nu-tay-dai-quan-dai-p34148555.html?spid=51502513,,9455,MISA Shop,,,,,,,,,,,,
267341788,,,267341803,9979718839236,Áo thêu hoa trung niên dáng dài,,,Azuno,226669,59000,,59000,,0,0,0.0,0,1.0,Đã bán 1,0,,,,,https://salt.tikicdn.com/cache/280x280/ts/product/4e/18/31/532d0831cc2b43727cbfc86c6d6bbd07.jpg,https://tiki.vn/ao-theu-hoa-trung-nien-dang-dai-p267341788.html?spid=267341803,,8843,Azuno,,,,,,,,,,,,
275739406,,,275739407,2079388764984,Áo Dài Tay Nữ Golf,,,PGM,261827,2650000,,2650000,,0,0,0.0,0,,,0,,,,,https://salt.tikicdn.com/cache/280x280/ts/product/6f/ac/70/214f7546ed94a1f42e5a4be6e5f2c4ce.jpeg,https://tiki.vn/ao-dai-tay-nu-golf-p275739406.html?spid=275739407,,244635,Golfmax,,,,,,,,,,,,
49719849,,,49719851,6413105334583,TRANH THÊU TAY- THIẾU NỮ ÁO DÀI CHÈO ĐÒ,,,Gallery Minh Quân,8246304,370000,,370000,,0,0,0.0,0,,,0,,,,,https://salt.tikicdn.com/cache/280x280/ts/product/5f/18/28/b87e6f4e27dbc15e81540f2fdfd23485.jpg,https://tiki.vn/tranh-theu-tay-thieu-nu-cheo-do-p49719849.html?spid=49719851,,60355,gallery Minh Quân,,,,,,,,,,,,
167532811,,,167532812,5285075197804,Tranh thêu tay nghệ thuật thiếu nữ áo dài-T136,,,Gallery Minh Quân,8246304,800000,,800000,,0,0,0.0,0,,,0,,,,,https://salt.tikicdn.com/cache/280x280/ts/product/a3/6e/a9/c0651be04b2c9c59663cba13724256ff.jpg,https://tiki.vn/tranh-theu-tay-nghe-thuat-thieu-nu-ao-dai-t136-p167532811.html?spid=167532812,,60355,gallery Minh Quân,,,,,,,,,,,,
168985488,,,168985492,2282498133345,"TRANH SƠN MÀI "" THIẾU NỮ ÁO DÀI",,,Gallery Minh Quân,8246304,2200000,,2200000,,0,0,0.0,0,1.0,Đã bán 1,0,,,,,https://salt.tikicdn.com/cache/280x280/ts/product/67/d6/50/b383b9a1102236e2fa1f3dbdc2cffe56.jpg,https://tiki.vn/tranh-son-mai-thieu-nu-ao-dai-p168985488.html?spid=168985492,,60355,gallery Minh Quân,,,,,,,,,,,,
180863301,,,180863307,1284895008161,"Áo Dài Tay Thể Thao Nữ - Thiết kế ôm dáng, phong cách thể thao, trẻ trung và xinh đẹp",,,PGM,261827,2190000,,2190000,,0,0,0.0,0,,,0,,,,,https://salt.tikicdn.com/cache/280x280/ts/product/79/c9/87/688c7397f06076b304ce3de853770ea6.jpg,https://tiki.vn/ao-dai-tay-the-thao-nu-thiet-ke-om-dang-phong-cach-the-thao-tre-trung-va-xinh-dep-p180863301.html?spid=180863307,,244635,Golfmax,,,,,,,,,,,,
5747719,,,5747739,8651599158652,Combo 2 Áo Dài Lụa Chấm Bi FATRALY - Hồng - Size,,,FATRALY,225017,200000,,200000,,0,0,0.0,0,,,0,,,,,https://salt.tikicdn.com/cache/280x280/ts/product/da/19/3e/96d9e597af160f368d9f1c1317fff059.jpg,https://tiki.vn/combo-2-ao-dai-lua-cham-bi-fatraly-hong-vi-cam-tay-p5747719.html?spid=5747739,,10328,Thời Trang FATRALY,,,,,,,,,,,,
194421098,,,194421099,4402112337290,"Áo len nữ trơn dài tay, cổ V dây rút croptop cách điệu xinh xắn Al35",,,Haint Boutique,248413,149000,,149000,,0,0,0.0,0,,,0,,,,,https://salt.tikicdn.com/cache/280x280/ts/product/05/8b/9d/5be17501d49dbd0cc8b8de5e288ce6c2.jpg,https://tiki.vn/ao-len-nu-tron-dai-tay-co-v-day-rut-croptop-cach-dieu-xinh-xan-al35-p194421098.html?spid=194421099,,235034,HaiBoutique,,,,,,,,,,,,
5747741,,,5747745,3322088662220,Combo 2 Áo Dài Lụa Chấm Bi FATRALY - Nude - Size,,,FATRALY,225017,200000,,200000,,0,0,0.0,0,,,0,,,,,https://salt.tikicdn.com/cache/280x280/ts/product/39/3b/da/ed100a3f8aef82c29410a9759e1ad81d.jpg,https://tiki.vn/combo-2-ao-dai-lua-cham-bi-fatraly-nude-vi-cam-tay-p5747741.html?spid=5747745,,10328,Thời Trang FATRALY,,,,,,,,,,,,
276629448,,,276629476,8767032922078,Áo Khoác Dài Thu Đông Isla Bonita,,,Isla Bonita,8168527,2400000,,2400000,,0,0,0.0,0,,,0,,,,,https://salt.tikicdn.com/cache/280x280/ts/product/58/e3/64/7d4552262aa602bc3bf79bec61bc5b03.jpg,https://tiki.vn/ao-khoac-dai-thu-dong-isla-bonita-p276629448.html?spid=276629476,,850,El amor,,,,,,,,,,,,
278030395,,,278030403,4217601585343,"Set áo váy hồng tay hoa NGADO , set áo váy dài , set áo váy kiểu Nữ",,,NGADO,8216940,1300000,,1300000,,0,0,3.0,1,1.0,Đã bán 1,0,,,,,https://salt.tikicdn.com/cache/280x280/ts/product/13/ce/c5/8f2d99de9227e78c64ff24feb7618732.jpg,https://tiki.vn/set-ao-vay-hong-tay-hoa-ngado-set-ao-vay-dai-set-ao-vay-kieu-nu-p278030395.html?spid=278030403,,344204,NGADO,,,,,,,,,,,,
276479931,,,276479937,1717213596689,Áo thun dài tay nữ Hiền Trần BOUTIQUE cổ tròn nhẹ dáng suông rộng thoải mái vải cotton mềm mại kiểu nữ tính A12 Women Top,,,Hiền Trần BOUTIQUE,4835051,280000,,350000,,70000,20,0.0,0,5.0,Đã bán 5,0,,,,,https://salt.tikicdn.com/cache/280x280/ts/product/b6/6e/cd/09f677993e68a2effca70fb537711fcb.jpg,https://tiki.vn/ao-thun-dai-tay-nu-hien-tran-boutique-co-tron-nhe-dang-suong-rong-thoai-mai-vai-cotton-mem-mai-kieu-nu-tinh-a12-women-top-p276479931.html?spid=276479937,,187091,Hiền Trần BOUTIQUE Official,,,,,,,,,,,,
149480347,,,149480351,5588869601525,"Tranh sơn mài"" Thiếu nữ áo dài Viet Nam",,,Gallery Minh Quân,8246304,850000,,850000,,0,0,0.0,0,,,0,,,,,https://salt.tikicdn.com/cache/280x280/ts/product/55/95/ae/b9f328c7058a362d0b0aa332686cd425.jpg,https://tiki.vn/tranh-son-mai-thieu-nu-ao-dai-viet-nam-p149480347.html?spid=149480351,,60355,gallery Minh Quân,,,,,,,,,,,,
133893023,,,133893038,8507002880822,Áo len nữ dài tay mẫu mới vải mịn đẹp,,,Haint Boutique,248413,199000,,199000,,0,0,0.0,0,1.0,Đã bán 1,0,,,,,https://salt.tikicdn.com/cache/280x280/ts/product/46/4c/e5/23d636cf7a4b7c2bf8fad4a6482d5d3f.jpg,https://tiki.vn/ao-len-nu-dai-tay-mau-moi-2020-vai-min-dep-p133893023.html?spid=133893038,,235034,HaiBoutique,,,,,,,,,,,,
104707258,,,172002422,6288773270052,Jum nữ phối quần dáng dài lệch vai sang chảnh QC,,,OEM,111461,79999,,79999,,0,0,4.0,1,8.0,Đã bán 8,0,,,,,https://salt.tikicdn.com/cache/280x280/ts/product/ea/b9/64/e0bbbffe7e0a51ae2f6c5c76550764a5.jpg,https://tiki.vn/jum-nu-phoi-quan-dang-dai-lech-vai-sang-chanh-qc-p104707258.html?spid=172002422,,76045,New Sky Shop 18,,,,,,,,,,,,
121010160,,,121010166,1171777955983,Áo len nữ Haint Boutique thiết kế dài tay phối ren nữ tính al27,,,Haint Boutique,248413,220000,,220000,,0,0,5.0,3,4.0,Đã bán 4,0,,,,,https://salt.tikicdn.com/cache/280x280/ts/product/93/24/e4/dc40b638d5bd0892d292c1e734a0a03d.jpg,https://tiki.vn/ao-len-nu-dai-tay-al27-p121010160.html?spid=121010166,,10738,ĐŨI VIỆT Official,,,,,,,,,,,,
8464988,,,8470486,5188682568027,Áo Sơ Mi Nữ Tay Dài Titishop SMN115 - Xanh Đen (Size,,,Titishop,144467,69000,,69000,,0,0,0.0,0,3.0,Đã bán 3,0,,,,,https://salt.tikicdn.com/cache/280x280/ts/product/4a/36/c4/70a3a4d3e2d5b6ede47d2d2da7ef2436.jpg,https://tiki.vn/ao-so-mi-nu-tay-dai-titishop-smn115-xanh-den-p8464988.html?spid=8470486,,476,TitiShop,,,,,,,,,,,,
35577838,,,35577840,7544932695352,Áo len nữ tay dài cổ cao chất len mềm dày ấm mặc động  L23,,,Haint Boutique,248413,229000,,229000,,0,0,4.0,7,26.0,Đã bán 26,0,,,,,https://salt.tikicdn.com/cache/280x280/ts/product/ee/a7/b5/de6913307a852d9a3d01ffc26142c498.jpg,https://tiki.vn/ao-len-nu-tay-dai-chat-len-mem-23-xanh-p35577838.html?spid=35577840,,10738,ĐŨI VIỆT Official,,,,,,,,,,,,
37975688,,,37975692,6954570406912,Áo Sơ Mi Nữ Form Dài Che Quần Cá Tính SM013 MayHomes,,,MAYHOMES,537679,109000,,109000,,0,0,4.5,31,113.0,Đã bán 113,0,,,,,https://salt.tikicdn.com/cache/280x280/ts/product/ba/fd/4d/e408d9d075939861ec8f9014837a69db.png,https://tiki.vn/ao-so-mi-nu-form-dai-che-quan-ca-tinh-sm013-mayhomes-p37975688.html?spid=37975692,,5826,MAYHOMES Official Store,,,,,,,,,,,,
129578500,,,129578504,7900980803788,Áo ren xuyên thấu dài tay nữ,,,AAA,24949,40000,,40000,,0,0,5.0,1,1.0,Đã bán 1,0,,,,,https://salt.tikicdn.com/cache/280x280/ts/product/cc/0e/2a/35bea97cdbabba54a42e5a830725b682.jpg,https://tiki.vn/ao-ren-xuyen-thau-dai-tay-nu-p129578500.html?spid=129578504,,225326,So Peachy House,,,,,,,,,,,,
32257277,,,32257279,7747779378734,Áo len nữ dài tay phối dây bên hông xinh xắn 16,,,Haint Boutique,248413,220000,,220000,,0,0,4.0,2,7.0,Đã bán 7,0,,,,,https://salt.tikicdn.com/cache/280x280/ts/product/a1/a4/ac/d9ebda0460c123d8088cb1265dbe56d7.jpg,https://tiki.vn/ao-len-nu-dai-tay-phoi-day-ben-hong-xinh-xan-16-p32257277.html?spid=32257279,,10738,ĐŨI VIỆT Official,,,,,,,,,,,,
276058726,,,276058736,7482434381750,"Set bộ áo vest nữ và quần dài ống đứng sang chảnh, quý phái, form đẹp chuẩn Hàn bv02",,,Haint Boutique,248413,599000,,599000,,0,0,0.0,0,,,0,,,,,https://salt.tikicdn.com/cache/280x280/ts/product/b3/6f/ed/1ee2ff4a687de910fb4f25487bd81dd1.jpg,https://tiki.vn/set-bo-ao-vest-nu-va-quan-dai-ong-dung-sang-chanh-quy-phai-form-dep-chuan-han-bv02-p276058726.html?spid=276058736,,235034,HaiBoutique,,,,,,,,,,,,
278636471,,,278636479,1177492423145,"Set áo quần trắng xếp ly NGADO , set áo quần dài , set áo quần kiểu Nữ",,,NGADO,8216940,1300000,,1300000,,0,0,0.0,0,,,0,,,,,https://salt.tikicdn.com/cache/280x280/ts/product/d0/13/da/349f6ca29e0318134f111fff52568480.jpg,https://tiki.vn/set-ao-quan-trang-xep-ly-ngado-set-ao-quan-dai-set-ao-quan-kieu-nu-p278636471.html?spid=278636479,,344204,NGADO,,,,,,,,,,,,
193637056,,,193637060,2415319860534,"Áo len cổ tròn ren phong cách Hàn Quốc,Áo len nữ dài tay thu đông Haint Boutique Al50",,,Haint Boutique,248413,189000,,189000,,0,0,0.0,0,1.0,Đã bán 1,0,,,,,https://salt.tikicdn.com/cache/280x280/ts/product/8a/e1/05/e5f5c7822c755d4ad4bdc02c3fc6f167.jpg,https://tiki.vn/ao-len-co-tron-ren-phong-cach-han-quoc-ao-len-nu-dai-tay-thu-dong-haint-boutique-p193637056.html?spid=193637060,,10738,ĐŨI VIỆT Official,,,,,,,,,,,,
132703002,,,133158863,3375484974600,"Áo len nữ, áo len dài tay cổ tim Al72",,,Haint Boutique,248413,169000,,169000,,0,0,0.0,0,,,0,,,,,https://salt.tikicdn.com/cache/280x280/ts/product/de/02/d7/879def71e9fafa7d6e948cdeffef839c.jpg,https://tiki.vn/ao-len-nu-ao-len-dai-tay-co-chu-v-al72-p132703002.html?spid=133158863,,10738,ĐŨI VIỆT Official,,,,,,,,,,,,
38151462,,,38151463,7516286422229,TRANH SƠN MÀI-THIẾU NỮ CỔ ĐIỂN-THIẾU NỮ ÁO DÀI,,,Gallery Minh Quân,8246304,1390000,,1390000,,0,0,0.0,0,1.0,Đã bán 1,0,,,,,https://salt.tikicdn.com/cache/280x280/ts/product/a8/a9/78/c63a7d1fdc72f65b541d32e993d24c43.jpg,https://tiki.vn/tranh-son-mai-thieu-nu-co-dien-thieu-nu-ao-dai-p38151462.html?spid=38151463,,60355,gallery Minh Quân,,,,,,,,,,,,
165680557,,,165680569,4392969466084,Áo vải nữ trễ vải tay dài,,,	OEM,561415,269000,,269000,,0,0,0.0,0,,,0,,,,,https://salt.tikicdn.com/cache/280x280/ts/product/85/73/c4/918936d48cdc90793195fadc55eaf113.jpg,https://tiki.vn/ao-vai-nu-tre-vai-tay-dai-p165680557.html?spid=165680569,,174218,ShopDucThang,,,,,,,,,,,,
70933997,,,70934001,2521115580037,Áo len nữ dài tay cổ tròn mẫu mới siêu đẹp Haint Boutique al46,,,Haint Boutique,248413,199000,,199000,,0,0,4.2,13,43.0,Đã bán 43,0,,,,,https://salt.tikicdn.com/cache/280x280/ts/product/e6/ad/25/ef84f565c9eea4b350b5bbbbb2bfe738.jpg,https://tiki.vn/ao-len-nu-dai-tay-co-tron-mau-moi-sieu-dep-haint-boutique-al46-p70933997.html?spid=70934001,,10738,ĐŨI VIỆT Official,,,,,,,,,,,,
18005285,,,59047802,6335559731667,Áo Sơ MI Nữ Tay Dài Cổ Kiểu Nút Ngọc - Mã SSL1222,,,Haint Boutique,248413,249000,,249000,,0,0,4.0,3,4.0,Đã bán 4,0,,,,,https://salt.tikicdn.com/cache/280x280/ts/product/e6/32/11/93e9501f3789e642da8eeb7acada093e.jpg,https://tiki.vn/ao-so-mi-nu-tay-dai-co-kieu-nut-ngoc-ma-ssl1222-p18005285.html?spid=59047802,,10738,ĐŨI VIỆT Official,,,,,,,,,,,,
276946176,,,276946177,9781715124504,Áo mangto dạ dáng dài màu đen - Hàng cao cấp ,,,LALAMIA,4665651,648000,,648000,,0,0,0.0,0,,,0,,,,,https://salt.tikicdn.com/cache/280x280/ts/product/e8/6a/d4/b27fec32347b361935e5ce28e1176732.jpg,https://tiki.vn/ao-mangto-da-dang-dai-mau-den-hang-cao-cap-p276946176.html?spid=276946177,,71471,Kính Xinh,,,,,,,,,,,,
276327784,,,276327788,7672023992254,Áo phông nữ dài tay cổ tim Hiền Trần BOUTIQUE chất cotton dẻo cao cấp co giãn áo thun nữ tay dài thu đông A8,,,Hiền Trần BOUTIQUE,4835051,280000,,350000,,70000,20,0.0,0,,,0,,,,,https://salt.tikicdn.com/cache/280x280/ts/product/cd/2c/f0/a3b8f28dabf326a4b996aa586a0914b7.jpg,https://tiki.vn/ao-phong-nu-dai-tay-co-tim-hien-tran-boutique-chat-cotton-deo-cao-cap-co-gian-ao-thun-nu-tay-dai-thu-dong-p276327784.html?spid=276327788,,187091,Hiền Trần BOUTIQUE Official,,,,,,,,,,,,
44899841,,,44903233,9520532035604,Áo khoác len dáng dài phong cách Hàn Quốc,,,Haint Boutique,248413,99000,,99000,,0,0,3.0,1,12.0,Đã bán 12,0,,,,,https://salt.tikicdn.com/cache/280x280/ts/product/52/44/39/c372986581a5e77e927ab06b2215e817.jpg,https://tiki.vn/ao-khoac-len-dang-dai-phong-cach-han-quoc-p44899841.html?spid=44903233,,4357,HELLO KIDS,,,,,,,,,,,,
194431102,,,194431104,2264208448174,Áo Len Kiểu Nữ Cổ Tròn Ren Dài Tay Phong Cách Hàn Quốc Mẫu Mới Thu Đông Haint Boutique HB27,,,Haint Boutique,248413,179000,,179000,,0,0,5.0,1,4.0,Đã bán 4,0,,,,,https://salt.tikicdn.com/cache/280x280/ts/product/b7/4d/95/ce965d3200b7aa9348f8e428b32c125f.jpg,https://tiki.vn/ao-len-kieu-nu-co-tron-ren-dai-tay-phong-cach-han-quoc-mau-moi-thu-dong-haint-boutique-hb27-p194431102.html?spid=194431104,,10738,ĐŨI VIỆT Official,,,,,,,,,,,,
59506049,,,59506061,1227390885041,Quần Dài Yoga Nữ  - Xanh,,,Just Feel Free,114487,519000,,519000,,0,0,5.0,1,4.0,Đã bán 4,0,,,,,https://salt.tikicdn.com/cache/280x280/ts/product/4b/42/93/0bb1373ebe5c7d541385afaf85437dfc.jpg,https://tiki.vn/quan-dai-yoga-nu-p59506049.html?spid=59506061,,246,Just Feel Free,,,,,,,,,,,,
278695883,,,278695887,8969183234160,"Set áo quần đen cổ viền trắng NGADO , set áo quần dài",,,NGADO,8216940,1400000,,1400000,,0,0,0.0,0,,,0,,,,,https://salt.tikicdn.com/cache/280x280/ts/product/46/4f/88/e8890e7bac8a7d297173713993e38109.jpg,https://tiki.vn/set-ao-quan-den-co-vien-trang-ngado-set-ao-quan-dai-p278695883.html?spid=278695887,,344204,NGADO,,,,,,,,,,,,
38408148,,,38408152,5863825985632,Áo len nữ thời trang dài tay cổ tròn mỏng nhẹ 07,,,Haint Boutique,248413,149000,,149000,,0,0,0.0,0,1.0,Đã bán 1,0,,,,,https://salt.tikicdn.com/cache/280x280/ts/product/d8/a2/f6/6f44e0510e9a51a5d76838e167f1a397.jpg,https://tiki.vn/ao-len-nu-thoi-trang-dai-tay-co-tron-mong-nhe-07-p38408148.html?spid=38408152,,10738,ĐŨI VIỆT Official,,,,,,,,,,,,
133889052,,,133889060,7437258754603,"Áo len nữ, áo len dài tay hoạ tiết phối bèo xinh Al27",,,Haint Boutique,248413,199000,,199000,,0,0,0.0,0,,,0,,,,,https://salt.tikicdn.com/cache/280x280/ts/product/c3/72/a6/380a82776f1b05ff192cdd54c9e1b82f.jpg,https://tiki.vn/ao-len-nu-ao-len-dai-tay-hoa-tiet-al27-p133889052.html?spid=133889060,,235034,HaiBoutique,,,,,,,,,,,,
60063213,,,60063227,7776339965824,Áo kiểu nữ tay lỡ cổ phối nơ sang trọng - dài qua gối tnhichs hợp mặc công sở,,,OEM,111461,185000,,185000,,0,0,0.0,0,4.0,Đã bán 4,0,,,,,https://salt.tikicdn.com/cache/280x280/ts/product/26/36/a6/7314a2eaefac8844a6a7bf3e806f9640.jpg,https://tiki.vn/ao-kieu-nu-tay-lo-co-phoi-no-sang-trong-dai-qua-goi-thich-hop-mac-cong-so-p60063213.html?spid=60063227,,65979,Thời Trang MYMYSHOP,,,,,,,,,,,,
44251105,,,48090656,2415346431735,Tất da nữ chất dai,,,OEM,111461,45000,,45000,,0,0,0.0,0,3.0,Đã bán 3,0,,,,,https://salt.tikicdn.com/cache/280x280/ts/product/9d/6d/51/744c6c74478ffad890646dcd7b55fe48.jpg,https://tiki.vn/tat-da-nu-chat-dai-p44251105.html?spid=48090656,,103662,Beauty and Fashion,,,,,,,,,,,,
176842133,,,176842137,4829605141952,Áo Sơ Mi Tay Dài Họa Tiết Màu Loang Phong Cách Hàn Quốc Cho Nữ HB81,,,Haint Boutique,248413,149000,,149000,,0,0,0.0,0,,,0,,,,,https://salt.tikicdn.com/cache/280x280/ts/product/c7/7f/a9/94c768b6cc7677f9562eda1d8527ff79.jpg,https://tiki.vn/ao-so-mi-tay-dai-hoa-tiet-mau-loang-phong-cach-han-quoc-cho-nu-hb81-p176842133.html?spid=176842137,,10738,ĐŨI VIỆT Official,,,,,,,,,,,,
120672697,,,120672703,4478426812265,Áo len nữ dài tay cổ phối màu mẫu mới phong cách Hàn Quốc al18,,,Haint Boutique,248413,220000,,220000,,0,0,0.0,0,3.0,Đã bán 3,0,,,,,https://salt.tikicdn.com/cache/280x280/ts/product/9b/91/ca/6c508c7a31b82d2c2664865704882547.jpg,https://tiki.vn/ao-len-nu-al18-p120672697.html?spid=120672703,,10738,ĐŨI VIỆT Official,,,,,,,,,,,,
14838008,,,14838010,4408682306445,Áo Vest Form Dài,,,OEM,111461,188000,,188000,,0,0,3.5,2,44.0,Đã bán 44,0,,,,,https://salt.tikicdn.com/cache/280x280/ts/product/a1/9b/92/c9a56bae6410288f65fef43b9e1ef8e9.jpg,https://tiki.vn/ao-vest-form-dai-p14838008.html?spid=14838010,,20897,THỜI TRANG BOBOSHOP,,,,,,,,,,,,
67263771,,,133823072,6084094379976,Áo len cổ tim dài tay chất len đũa dành cho nữ,,,Haint Boutique,248413,65000,,65000,,0,0,2.3,3,5.0,Đã bán 5,0,,,,,https://salt.tikicdn.com/cache/280x280/ts/product/65/b0/99/7fabb68c9c94e5b1e099b69b63833745.jpg,https://tiki.vn/ao-len-co-tim-dai-tay-chat-len-dua-danh-cho-nu-p67263771.html?spid=133823072,,233875,Dang Khoi Fashion,,,,,,,,,,,,
125732073,,,125732075,5856912837232,"Áo len nữ, áo len dài tay cổ tròn thu đông AL46",,,Haint Boutique,248413,199000,,199000,,0,0,0.0,0,4.0,Đã bán 4,0,,,,,https://salt.tikicdn.com/cache/280x280/ts/product/61/fb/1f/5191062fa6ef18754daad96e358ee0e5.jpg,https://tiki.vn/ao-len-nu-ao-len-dai-tay-co-tron-thu-dong-al46-p125732073.html?spid=125732075,,10738,ĐŨI VIỆT Official,,,,,,,,,,,,
4893321,,,5143721,3462912674088,"Áo giữ nhiệt nữ dài tay cổ tròn Vicci vải  cotton co giãn, mềm mịn ôm dáng màu ĐEN",,,VICCI,183621,139000,,169000,,30000,18,4.2,6,84.0,Đã bán 84,0,,,,,https://salt.tikicdn.com/cache/280x280/ts/product/8a/d0/a5/0918602818c267bc550d89ffc019e6e0.jpg,https://tiki.vn/ao-giu-nhiet-nu-dai-tay-co-tron-vicci-vai-cotton-co-gian-mem-min-om-dang-mau-den-p4893321.html?spid=5143721,,2049,SHOP TRIUMPH,,,,,,,,,,,,
133888803,,,133888812,9422289204709,"Áo len nữ, áo len dài tay cổ tròn thu đông AL46",,,Haint Boutique,248413,249000,,249000,,0,0,0.0,0,,,0,,,,,https://salt.tikicdn.com/cache/280x280/ts/product/f9/e8/91/d82de35a2ddfcefca7513113b1ac3bc9.jpg,https://tiki.vn/ao-len-nu-ao-len-dai-tay-co-tron-thu-dong-al46-p133888803.html?spid=133888812,,235034,HaiBoutique,,,,,,,,,,,,
195255043,,,195255044,7407382030428,"Áo len nữ dệt kim cổ tròn pha ren, Áo len nữ dài tay mặc mùa thu đông Haint Boutique ",,,Haint Boutique,248413,199000,,199000,,0,0,0.0,0,4.0,Đã bán 4,0,,,,,https://salt.tikicdn.com/cache/280x280/ts/product/c7/43/89/41675646c0ae48417c9a314563f6f3f1.jpg,https://tiki.vn/ao-len-nu-det-kim-co-tron-pha-ren-ao-len-nu-dai-tay-mac-mua-thu-dong-haint-boutique-p195255043.html?spid=195255044,,10738,ĐŨI VIỆT Official,,,,,,,,,,,,
140143672,,,140143673,2418627898857,Áo len nữ màu trắng dài tay cổ chữ V thiết kế dây rút  thu đông hb35,,,Haint Boutique,248413,179000,,179000,,0,0,0.0,0,,,0,,,,,https://salt.tikicdn.com/cache/280x280/ts/product/cd/81/40/cd350e0acc82b6a8450ee45a98802f53.jpg,https://tiki.vn/ao-len-nu-mau-trang-dai-tay-co-chu-v-thiet-ke-day-rut-thu-dong-al35-p140143672.html?spid=140143673,,10738,ĐŨI VIỆT Official,,,,,,,,,,,,
272623528,,,272623556,2170441336442,Áo Ngực Siêu Nâng 6cm Đẹp Tư Nhiên Form Chuẩn Áo Dài WL1912,,,OEM,111461,349000,,349000,,0,0,0.0,0,,,0,,,,,https://salt.tikicdn.com/cache/280x280/ts/product/b3/6e/5f/3a34127ea348c7e4d4b4527cb58c1a3b.jpeg,https://tiki.vn/ao-nguc-sieu-nang-6cm-dep-tu-nhien-form-chuan-ao-dai-wl1912-p272623528.html?spid=272623556,,6615,Sanny House,,,,,,,,,,,,
101171478,,,101171487,3289986198067,Set  5 áo lá dài học sinh  dài  vải cotton không mút  :Từ 30kg đên 68kg,,,OEM,111461,134400,,134400,,0,0,5.0,1,6.0,Đã bán 6,0,,,,,https://salt.tikicdn.com/cache/280x280/ts/product/7e/d7/2b/b0a4f13e678ff17385b877a5939e8dbd.jpg,https://tiki.vn/set-5-ao-la-dai-hoc-sinh-dai-vai-cotton-khong-mut-tu-30kg-den-68kg-p101171478.html?spid=101171487,,188535,mybao040508,,,,,,,,,,,,
195444577,,,195444579,2702812950216,"Áo len nữ cổ tròn dài tay, chất len dày dặn, hàng nhập cao cấp Al46",,,Haint Boutique,248413,249000,,249000,,0,0,0.0,0,,,0,,,,,https://salt.tikicdn.com/cache/280x280/ts/product/56/5c/da/0c4c391f5c221e8aa7b32d56d5da48ce.jpg,https://tiki.vn/ao-len-nu-co-tron-dai-tay-chat-len-day-dan-hang-nhap-cao-cap-al46-p195444577.html?spid=195444579,,235034,HaiBoutique,,,,,,,,,,,,
108030384,,,108030399,1353325193021,Áo sơ mi nữ dáng suông dài mặc giấu quần phong cách Sm165,,,Haint Boutique,248413,238800,,238800,,0,0,5.0,1,3.0,Đã bán 3,0,,,,,https://salt.tikicdn.com/cache/280x280/ts/product/03/c2/98/32de1c698b699078537c2f839db6ab29.jpg,https://tiki.vn/ao-so-mi-nu-dang-suong-dai-mac-giau-quan-phong-cach-sm165-p108030384.html?spid=108030399,,10738,ĐŨI VIỆT Official,,,,,,,,,,,,
276047170,,,276047186,7683699117472,"Bộ đồ nữ gồm áo vest xẻ cổ kiểu và quần dài có khuy dễ mặc, thoải mái, new style 2025 Bv02",,,Haint Boutique,248413,598000,,598000,,0,0,0.0,0,,,0,,,,,https://salt.tikicdn.com/cache/280x280/ts/product/9e/91/84/13462b21500e8548a2ec804d5a3b99cc.jpg,https://tiki.vn/bo-do-nu-gom-ao-vest-xe-co-kieu-va-quan-dai-co-khuy-de-mac-thoai-mai-new-style-2024-bv02-p276047170.html?spid=276047186,,10738,ĐŨI VIỆT Official,,,,,,,,,,,,
199913621,,,199913623,8077442651401,Áo len nữ cổ tròn dài tay thu đông mẫu mới Haint Boutique Al18,,,Haint Boutique,248413,199000,,199000,,0,0,0.0,0,,,0,,,,,https://salt.tikicdn.com/cache/280x280/ts/product/80/15/e6/c4a129539fe6fd82647123210abc9177.jpg,https://tiki.vn/ao-len-nu-co-tron-dai-tay-thu-dong-mau-moi-haint-boutique-al18-p199913621.html?spid=199913623,,10738,ĐŨI VIỆT Official,,,,,,,,,,,,
279094712,,,279094716,7964192292522,"Set áo quần đỏ cổ viền trắng NGADO , set áo quần dài , set áo quần nữ , set công sở , dự tiệc",,,NGADO,8216940,1300000,,1300000,,0,0,0.0,0,,,0,,,,,https://salt.tikicdn.com/cache/280x280/ts/product/b5/47/6c/4eff0f5d7f4dd77180f92b90e0d36296.jpg,https://tiki.vn/set-ao-quan-do-co-vien-trang-ngado-set-ao-quan-dai-set-ao-quan-nu-set-cong-so-du-tiec-p279094712.html?spid=279094716,,344204,NGADO,,,,,,,,,,,,
205028964,,,205028965,6598294325474,SET ÁO DÀI TẾT CHO BÉ,,,Tini,111903,225000,,225000,,0,0,0.0,0,,,0,,,,,https://salt.tikicdn.com/cache/280x280/ts/product/6e/2a/33/30e2bd8c357f84a573082974f033918f.jpg,https://tiki.vn/set-ao-dai-tet-cho-be-p205028964.html?spid=205028965,,312879,BIO BABY,,,,,,,,,,,,
16212451,,,44145983,9787240701492,Combo 6 Quần tất da nữ siêu dai và mịn,,,TOMAN,860505,144000,,144000,,0,0,5.0,2,41.0,Đã bán 41,0,,,,,https://salt.tikicdn.com/cache/280x280/ts/product/d0/ba/38/a9205ed37f5780f3db762062c819d2ed.png,https://tiki.vn/combo-6-quan-tat-da-nu-sieu-dai-va-min-p16212451.html?spid=44145983,,78619,Muasam247,,,,,,,,,,,,
92714253,,,92714259,2831407992464,Baciami-Áo Thun Len Gân Tay Dài,,,Baciami,4707723,507000,,507000,,0,0,0.0,0,,,0,,,,,https://salt.tikicdn.com/cache/280x280/ts/product/f9/b2/77/69205569d80355db03757ca5377c868b.jpg,https://tiki.vn/baciami-ao-thun-len-gan-tay-dai-p92714253.html?spid=92714259,,178364,Baciami,,,,,,,,,,,,
276526513,,,276526517,4777484520170,Áo giữ nhiệt nữ Hiền Trần BOUTIQUE cổ cao dài tay chất vải thun kiểu dáng ôm nhẹ phong cách thanh lịch-A6,,,Hiền Trần BOUTIQUE,4835051,280000,,350000,,70000,20,0.0,0,5.0,Đã bán 5,0,,,,,https://salt.tikicdn.com/cache/280x280/ts/product/98/20/a3/95f6017c124510de1d5cd4652d50ae22.jpg,https://tiki.vn/ao-giu-nhiet-nu-hien-tran-boutique-co-cao-dai-tay-chat-vai-thun-kieu-dang-om-nhe-phong-cach-thanh-lich-a6-p276526513.html?spid=276526517,,187091,Hiền Trần BOUTIQUE Official,,,,,,,,,,,,
132834006,,,132834008,7290695009980,"Áo len nữ, áo len cổ tròn dài tay phối cúc Al10",,,Haint Boutique,248413,149000,,149000,,0,0,0.0,0,,,0,,,,,https://salt.tikicdn.com/cache/280x280/ts/product/ce/5f/1e/f47608cd2446c132af562c9c1c74eb6e.jpg,https://tiki.vn/ao-len-nu-ao-len-co-tron-dai-tay-phoi-cuc-al10-p132834006.html?spid=132834008,,10738,ĐŨI VIỆT Official,,,,,,,,,,,,
21317046,,,113227742,7310511911990,Áo khoác nữ - Áo khoác nữ,,,OEM,111461,352000,,352000,,0,0,0.0,0,2.0,Đã bán 2,0,,,,,https://salt.tikicdn.com/cache/280x280/ts/product/58/48/11/44f2a5ebe0aed7f395d241d3dd26dac1.jpg,https://tiki.vn/ao-khoac-nu-ao-khoac-nu-p21317046.html?spid=113227742,,204632,TD2000 store,,,,,,,,,,,,
109135170,,,109135191,2919215099785,Áo khoác nữ kẻ caro dáng dài Tri'C Luxury K081120,,,Tri’C,4996429,1999000,,1999000,,0,0,0.0,0,,,0,,,,,https://salt.tikicdn.com/cache/280x280/ts/product/bb/8b/76/a97049b8c4e31b605710d1db8669a202.jpg,https://tiki.vn/ao-khoac-nu-ke-caro-dang-dai-tri-c-luxury-k081120-p109135170.html?spid=109135191,,149209,Tri’C,,,,,,,,,,,,
195450065,,,195450071,2418781354052,"Áo len nữ dài tay cổ V dệt kim, phù hợp cho mùa thu Al51",,,Haint Boutique,248413,199000,,199000,,0,0,0.0,0,,,0,,,,,https://salt.tikicdn.com/cache/280x280/ts/product/ff/4b/70/d5e6e902faedf3a4cebaa6f908f1c49b.jpg,https://tiki.vn/ao-len-nu-dai-tay-co-v-det-kim-phu-hop-cho-mua-thu-al51-p195450065.html?spid=195450071,,235034,HaiBoutique,,,,,,,,,,,,
176835094,,,176835096,5393475392924,"Áo sơ mi nữ, áo sơ mi dài tay họa tiết dân gian độc đáo HB78",,,Haint Boutique,248413,149000,,149000,,0,0,0.0,0,,,0,,,,,https://salt.tikicdn.com/cache/280x280/ts/product/8f/c8/53/27bd105101205d86617db15e721340bf.jpg,https://tiki.vn/ao-so-mi-nu-ao-so-mi-dai-tay-hoa-tiet-dan-gian-doc-dao-hb78-p176835094.html?spid=176835096,,10738,ĐŨI VIỆT Official,,,,,,,,,,,,
20909994,,,172001974,4477566806313,Áo Kiểu Nữ,,,OEM,111461,59999,,59999,,0,0,0.0,0,7.0,Đã bán 7,0,,,,,https://salt.tikicdn.com/cache/280x280/ts/product/bb/59/f0/c456702596f4a389d278218aecb8d7c3.jpg,https://tiki.vn/ao-kieu-nu-p20909994.html?spid=172001974,,76045,New Sky Shop 18,,,,,,,,,,,,
94788564,,,94788583,9351160467688,Áo dài bé gái Bi xanh lụa - AICDBGQKPQWK - AIN Closet,,,AIN Closet,4510557,305000,,325000,,20000,6,0.0,0,4.0,Đã bán 4,0,,,,,https://salt.tikicdn.com/cache/280x280/ts/product/40/35/47/585d9fe2e3c3dd11f758fd8015283772.jpg,https://tiki.vn/ao-dai-be-gai-bi-xanh-lua-aicdbgqkpqwk-ain-closet-p94788564.html?spid=94788583,,160802,AIN Closet Official,,,,,,,,,,,,
53648146,,,53648147,2591814950653,COMBO 5 ÁO LÁ DÀI DÀNH CHO HỌC SINH,,,OEM,111461,96000,,120000,,24000,20,4.5,12,56.0,Đã bán 56,0,,,,,https://salt.tikicdn.com/cache/280x280/ts/product/1d/71/5b/edee92392b4ce0038001ff2c1dbfda27.jpg,https://tiki.vn/combo-5-ao-la-dai-danh-cho-hoc-sinh-p53648146.html?spid=53648147,,112944,Yên Phúc,,,,,,,,,,,,
276125118,,,276125128,6612869734310,Set áo ghi lê kèm chân váy dài thắt nơ,,,OEM,111461,199000,,199000,,0,0,0.0,0,,,0,,,,,https://salt.tikicdn.com/cache/280x280/ts/product/56/6f/dd/16847f5e389e2848fb81833ea0bde2b5.jpg,https://tiki.vn/set-ao-ghi-le-kem-chan-vay-dai-that-no-p276125118.html?spid=276125128,,20897,THỜI TRANG BOBOSHOP,,,,,,,,,,,,
252913566,,,252913570,5423192490002,"Áo sơ mi nữ dài tay cố đức kín đáo, họa tiết nổi bật đặc sắc, lên form đẹp NH23",,,Haint Boutique,248413,149000,,149000,,0,0,0.0,0,,,0,,,,,https://salt.tikicdn.com/cache/280x280/ts/product/08/8b/d1/19bb35600e6c2f8bbc782823d4479c32.jpg,https://tiki.vn/ao-so-mi-nu-dai-tay-co-duc-kin-dao-hoa-tiet-noi-bat-dac-sac-len-form-dep-nh23-p252913566.html?spid=252913570,,235034,HaiBoutique,,,,,,,,,,,,
102093936,,,102093952,1445197749477,"Áo sơ mi trắng cho nữ hiệu Amazing, tay dài, có 4 ben, vải KT silk, big size tới 80kg",,,Amazing,221573,118000,,175000,,57000,33,5.0,8,32.0,Đã bán 32,0,,,,,https://salt.tikicdn.com/cache/280x280/ts/product/48/73/72/ee486b89ee1c21cabeae795e980d56ef.jpg,https://tiki.vn/ao-so-mi-nu-amazing-mau-trang-tay-dai-vai-kt-silk-size-tu-40-80kg-p102093936.html?spid=102093952,,9354,Amazing,,,,,,,,,,,,
94788536,,,94788550,6579475002589,Áo dài bé gái Bi vàng lụa - AICDBGDWAOPQ - AIN Closet,,,AIN Closet,4510557,305000,,325000,,20000,6,0.0,0,1.0,Đã bán 1,0,,,,,https://salt.tikicdn.com/cache/280x280/ts/product/3f/ff/f6/5746dc05bfce308335f8863ef05e175e.jpg,https://tiki.vn/ao-dai-be-gai-bi-vang-lua-aicdbgdwaopq-ain-closet-p94788536.html?spid=94788550,,160802,AIN Closet Official,,,,,,,,,,,,
75310865,,,75310869,5319909492386,Áo thun tay dài Titishop ATN175,,,Titishop,144467,79000,,79000,,0,0,0.0,0,,,0,,,,,https://salt.tikicdn.com/cache/280x280/ts/product/92/a7/63/f56b0e6747a2a7e5881098c63cb4db48.png,https://tiki.vn/ao-thun-tay-dai-titishop-atn175-p75310865.html?spid=75310869,,476,TitiShop,,,,,,,,,,,,
279113571,,,279113579,1979684104264,"Set áo váy đỏ tay dài NGADO, set áo váy Nữ , set dự tiệc , công sở",,,NGADO,8216940,1300000,,1300000,,0,0,0.0,0,,,0,,,,,https://salt.tikicdn.com/cache/280x280/ts/product/72/db/56/b396ef9fd7518d7768ab40ee4c65d4cb.jpg,https://tiki.vn/set-ao-vay-do-tay-dai-ngado-set-ao-vay-nu-set-du-tiec-cong-so-p279113571.html?spid=279113579,,344204,NGADO,,,,,,,,,,,,
194963453,,,194963454,9436584550194,"Áo Dệt Kim, Áo Len Dài Tay Dáng Rộng Cổ Trofn Pha Ren Thời Trang Hàn Quốc Cho Nữ Mùa Thu Đông Haint Boutique",,,Haint Boutique,248413,199000,,199000,,0,0,0.0,0,2.0,Đã bán 2,0,,,,,https://salt.tikicdn.com/cache/280x280/ts/product/64/11/60/8b35abb0231bb98f565849d7d8155250.jpg,https://tiki.vn/ao-det-kim-ao-len-dai-tay-dang-rong-co-trofn-pha-ren-thoi-trang-han-quoc-cho-nu-mua-thu-dong-haint-boutique-p194963453.html?spid=194963454,,10738,ĐŨI VIỆT Official,,,,,,,,,,,,
87120056,,,87120057,1928302977307,Ly Uống Nước Cô Gái Áo Dài Gốm Mát Đen,,,Gốm Sứ Bát Tràng,51693,120000,,120000,,0,0,0.0,0,,,0,,,,,https://salt.tikicdn.com/cache/280x280/ts/product/73/39/ca/5f30922cf378843e0bafd39fb6d0c724.jpg,https://tiki.vn/ly-uong-nuoc-co-gai-ao-dai-gom-mat-den-p87120056.html?spid=87120057,,89777,Gốm Sứ Yên Lam,,,,,,,,,,,,
84648762,,,84648789,3369994006335,Áo khoác lông vũ nữ đại hàn dáng dài Seamless Down #Uni,,,OEM,111461,4890000,,4890000,,0,0,0.0,0,1.0,Đã bán 1,0,,,,,https://salt.tikicdn.com/cache/280x280/ts/product/82/74/a3/c98d81bcea17e325f4b5317a58bac71d.jpg,https://tiki.vn/ao-khoac-long-vu-nu-dai-han-dang-dai-seamless-down-uni-p84648762.html?spid=84648789,,84406,QUÝ KHANG MART,,,,,,,,,,,,
46060134,,,46060154,4143741083683,Áo Sơ Mi Nữ Công Sở Tay Dài Dễ Thương SM015 MayHomes,,,MAYHOMES,537679,99999,,99999,,0,0,4.3,53,188.0,Đã bán 188,0,,,,,https://salt.tikicdn.com/cache/280x280/ts/product/1d/53/e0/355cb89d6ec1196b2b9b32b702d4624f.png,https://tiki.vn/ao-so-mi-nu-cong-so-tay-dai-de-thuong-sm015-mayhomes-p46060134.html?spid=46060154,,5826,MAYHOMES Official Store,,,,,,,,,,,,
16155074,,,16155085,6303226084200,Áo Len Nữ Áo Kiểu Nữ Hai Dây Cổ Gợn Sóng Dễ Thương ALN026 MayHomes - Đen,,,MAYHOMES,537679,78000,,78000,,0,0,4.6,9,35.0,Đã bán 35,0,,,,,https://salt.tikicdn.com/cache/280x280/ts/product/03/0a/e8/0bad9cd81df1317511dda07f520b3ceb.png,https://tiki.vn/ao-len-nu-ao-kieu-nu-hai-day-co-gon-song-de-thuong-may_aln020-mayhomes-p16155074.html?spid=16155085,,5826,MAYHOMES Official Store,,,,,,,,,,,,
276065223,,,276065227,8421181091875,"Áo lụa nữ cổ đổ phong cách công sở nữ tính chất lụa satin cao cấp, thoáng mát - AO0030",,,OEM,111461,259000,,259000,,0,0,0.0,0,1.0,Đã bán 1,0,,,,,https://salt.tikicdn.com/cache/280x280/ts/product/a5/3a/45/e05dcba435b337a0cc436af25b4cfc34.jpg,https://tiki.vn/ao-lua-nu-co-do-phong-cach-cong-so-nu-tinh-chat-lua-satin-cao-cap-thoang-mat-ao0030-p276065223.html?spid=276065227,,247663,NEW FASHION DESIGN,,,,,,,,,,,,
270829906,,,270829912,7515764430039,Áo croptop dệt kim tay dài chống nắng thời trang phong cách Hàn Quốc cho nữ HaintBoutique Al81,,,Haint Boutique,248413,129000,,129000,,0,0,0.0,0,1.0,Đã bán 1,0,,,,,https://salt.tikicdn.com/cache/280x280/ts/product/1e/ae/c0/2b5c6604ffc5756c946dd2b1f6aeb02a.jpg,https://tiki.vn/ao-croptop-det-kim-tay-dai-chong-nang-thoi-trang-phong-cach-han-quoc-cho-nu-haintboutique-al81-p270829906.html?spid=270829912,,10738,ĐŨI VIỆT Official,,,,,,,,,,,,
276659294,,,276659314,6641260986112,Quần Bơi Nữ Dài Chống Nắng,,,OEM,111461,159000,,159000,,0,0,5.0,1,,,0,,,,,https://salt.tikicdn.com/cache/280x280/ts/product/8b/35/96/39a7b20e15a33c5eb8ea83917690ea87.jpg,https://tiki.vn/quan-boi-nu-dai-chong-nang-p276659294.html?spid=276659314,,207377,SEAGYMSHOP43,,,,,,,,,,,,
163803666,,,163803668,5464462803367,Áo kiểu nữ M12,,,	OEM,561415,49999,,49999,,0,0,5.0,2,6.0,Đã bán 6,0,,,,,https://salt.tikicdn.com/cache/280x280/ts/product/de/53/00/eedaa2ed7c3d2ce8efc2b9e91a82332f.jpg,https://tiki.vn/ao-kieu-nu-m12-p163803666.html?spid=163803668,,76045,New Sky Shop 18,,,,,,,,,,,,
36022492,,,36022515,7762886310200,Áo Kiểu Nữ Áo Len Nữ Hai Dây Sọc Ngang Dễ Thương ALN021 MayHomes Ôm Thân Xinh Xắn,,,MAYHOMES,537679,76000,,76000,,0,0,4.8,5,62.0,Đã bán 62,0,,,,,https://salt.tikicdn.com/cache/280x280/ts/product/ee/f4/a2/6ca22d40b49e8f005ac63970feff7a23.png,https://tiki.vn/ao-kieu-nu-ao-len-nu-2-day-soc-ngang-de-thuong-may_aln021-mayhomes-p36022492.html?spid=36022515,,5826,MAYHOMES Official Store,,,,,,,,,,,,
120789870,,,120789876,6751064282019,Áo len nữ thiết kế dài tay ấm áp phối viền cổ xinh mẫu mới thu đông,,,Haint Boutique,248413,220000,,220000,,0,0,5.0,1,9.0,Đã bán 9,0,,,,,https://salt.tikicdn.com/cache/280x280/ts/product/54/d4/a6/ea4eaf3088377c8b0d3a7a56fede5b5b.jpg,https://tiki.vn/ao-len-nu-al18-p120789870.html?spid=120789876,,10738,ĐŨI VIỆT Official,,,,,,,,,,,,
273950102,,,273953229,2123654189067,"Set áo quần jean xanh NGADO , set đồ nữ , Set áo quần thiết kế , Áo kiểu nữ kèm quần dài",,,NGADO,8216940,1300000,,1300000,,0,0,0.0,0,,,0,,,,,https://salt.tikicdn.com/cache/280x280/ts/product/cc/ed/34/4433fb5d863a50047e77736ca40e7136.jpeg,https://tiki.vn/set-ao-quan-jean-xanh-ngado-p273950102.html?spid=273953229,,344204,NGADO,,,,,,,,,,,,
274161812,,,274161820,3733553639438,Áo Dài Raglan Linen Mơ Nghiền ADA001 thời trang thiết kế Hity,,,Hity,142871,2395000,,2395000,,0,0,0.0,0,,,0,,,,,https://salt.tikicdn.com/cache/280x280/ts/product/7f/c7/42/a11217696a2a7cd599cb15a19f02cd49.jpg,https://tiki.vn/ao-dai-raglan-linen-mo-nghien-ada001-thoi-trang-thiet-ke-hity-p274161812.html?spid=274161820,,255,Hity – lifestyle your way,,,,,,,,,,,,
52976666,,,52976667,9127828022241,Ốp lưng in cho Realme 3 Mẫu Đôi Bạn Áo Dài,,,OLSG,412921,42000,,55000,,13000,24,0.0,0,,,0,,,,,https://salt.tikicdn.com/cache/280x280/ts/product/cb/6c/28/6c257f22fad21cf920988124549dfc9c.jpg,https://tiki.vn/op-lung-in-cho-realme-3-mau-doi-ban-ao-dai-p52976666.html?spid=52976667,,10613,OLSG Case,,,,,,,,,,,,
3679071,,,56393371,9872900535217,Đầm nữ dáng dài freesize db32,,,Haint Boutique,248413,199000,,199000,,0,0,0.0,0,7.0,Đã bán 7,0,,,,,https://salt.tikicdn.com/cache/280x280/ts/product/05/55/7a/5f38e36f2c353aa2b53dcd951fbd1cc5.jpg,https://tiki.vn/dam-nu-dang-dai-freesize-db32-p3679071.html?spid=56393371,,10738,ĐŨI VIỆT Official,,,,,,,,,,,,
63591569,,,63591571,4462384573369,Áo sơ mi dài tay cổ cách điệu,,,OEM,111461,180000,,180000,,0,0,0.0,0,2.0,Đã bán 2,0,,,,,https://salt.tikicdn.com/cache/280x280/ts/product/8b/d9/6c/4da515ef7e383cc4f84ca48bef7bf61c.JPG,https://tiki.vn/ao-so-mi-dai-tay-co-cach-dieu-p63591569.html?spid=63591571,,65979,Thời Trang MYMYSHOP,,,,,,,,,,,,
57276174,,,199619197,1773341072856,Áo mưa Hàn Quốc nam nữ dáng dài cực cute,,,LUXKORE,165571,119000,,119000,,0,0,1.0,1,1.0,Đã bán 1,0,,,,,https://salt.tikicdn.com/cache/280x280/ts/product/2b/12/cb/980f0931ad483c01f1e3d129a75a0073.jpg,https://tiki.vn/ao-mua-han-quoc-nam-nu-dang-dai-cuc-cute-p57276174.html?spid=199619197,,298269,ThuyDungShop2002,,,,,,,,,,,,
67492167,,,67492171,2241212816838,Áo kiểu nữ cổ vuông sang trọng,,,OEM,111461,180000,,180000,,0,0,4.3,20,60.0,Đã bán 60,0,,,,,https://salt.tikicdn.com/cache/280x280/ts/product/52/11/67/eb053cf77a8b4d1aba0d9d8146641f38.jpg,https://tiki.vn/ao-kieu-nu-co-vuong-sang-trong-p67492167.html?spid=67492171,,65979,Thời Trang MYMYSHOP,,,,,,,,,,,,
9859775,,,9859781,4001447588836,Đầm Nữ Dài Cổ Tim F’Amor - Đen (Size,,,F'Amor,186559,1290000,,1290000,,0,0,0.0,0,,,0,,,,,https://salt.tikicdn.com/cache/280x280/ts/product/52/66/df/022358ac9991730f201d5b81a9cc5177.jpg,https://tiki.vn/dam-nu-dai-co-tim-f-amor-den-p9859775.html?spid=9859781,,2578,PAMORE,,,,,,,,,,,,
44350707,,,72307347,1206429612278,Bộ 2 quần tất nữ mỏng chất dai ,,,OEM,111461,36900,,36900,,0,0,4.8,10,48.0,Đã bán 48,0,,,,,https://salt.tikicdn.com/cache/280x280/ts/product/dc/7e/90/a0e1292b2a0f0d66f77eac4d1a5ab0ff.jpg,https://tiki.vn/bo-2-quan-tat-nu-mong-chat-dai-p44350707.html?spid=72307347,,95785,Hamituliem2893,,,,,,,,,,,,
202909367,,,202909368,4413479474662,Khăn choàng lụa dài- Khăn lụa satin nữ thời trang dáng dài 90x180cm quàng cổ làm áo,,,SOHOGO,4408565,99000,,99000,,0,0,0.0,0,2.0,Đã bán 2,0,,,,,https://salt.tikicdn.com/cache/280x280/ts/product/0f/cd/0b/4a0df268772be79b4d8caf0994f95954.png,https://tiki.vn/khan-choang-lua-dai-khan-lua-satin-nu-thoi-trang-dang-dai-90x180cm-quang-co-lam-ao-p202909367.html?spid=202909368,,56243,SOTAGO,,,,,,,,,,,,
